id,serialNumber,locationName,latitude,longitude,coords_color,address,postalCode,status,rvm_remarks,model,rvm_val2,rvm_val3,rvm_val4,rvmOpeningHours
10,B5481176,Block 54 Geylang Bahru,1.323937,103.867800,Blue,"54 Geylang Bahru, 330054",330054,FULL,,,,,,Mon - Sun:  24 Hrs
139,SGRVM0201,715 Jurong West Street 71,1.343890,103.696390,Red,"715 Jurong West Street 71, 640715",640715,RUNNING,,,,,,Mon - Sun:  24 Hrs
140,SGRVM0202,745 Yishun Street 72,1.429350,103.833170,Red,"745 Yishun Street 72, 760745",760745,FULL,,,,,,Mon - Sun:  24 Hrs
146,SGRVM0208,746 Jurong West Street 73,1.347477,103.697933,Red,"746 Jurong West Street 73, 640746",640746,RUNNING,,,,,,Mon - Sun:  24 Hrs
147,SGRVM0209,153 Yung Ho Rd,1.327560,103.721050,Red,"153 Yung Ho Rd, 610153",610153,FULL,,,,,,Mon - Sun:  24 Hrs
148,SGRVM0210,678D Jurong West Street 64,1.344892,103.703310,Red,"678D Jurong West Street 64, 644678",644678,RUNNING,,,,,,Mon - Sun:  24 Hrs
150,SGRVM0212,931 Jurong West Street 92,1.340302,103.689337,Red,"931 Jurong West Street 92, 640931",640931,FULL,,,,,,Mon - Sun:  24 Hrs
151,SGRVM0213,678A Jurong West Street 64 ,1.345070,103.704219,Red,"678A Jurong West Street 64 , 641678",641678,RUNNING,,,,,,Mon - Sun:  24 Hrs
153,SGRVM0215,255 Yishun Ring Rd,1.434300,103.840620,Red,"255 Yishun Ring Rd, 760255",760255,RUNNING,,,,,,Mon - Sun:  24 Hrs
154,SGRVM0216,277 Yishun Street 22,1.438003,103.836907,Red,"277 Yishun Street 22, 760277",760277,FULL,,,,,,
159,SGRVM0221,907 Jurong West Street 91,1.341070,103.685960,Red,"907 Jurong West Street 91, 640907",640907,FULL,,,,,,Mon - Sun:  24 Hrs
161,SGRVM0223,353 Kang Ching Rd,1.339710,103.720790,Red,"353 Kang Ching Rd, 610353",610353,FULL,,,,,,Mon - Sun:  24 Hrs
162,SGRVM0224,735 Jurong West Street 75,1.345932,103.700761,Red,"735 Jurong West Street 75, 640735",640735,RUNNING,,,,,,Mon - Sun:  24 Hrs
165,SGRVM0227,359 Yung An Rd,1.336032,103.721418,Red,"359 Yung An Rd, 610359",610359,FULL,"This machine is popular and can get busy. If there's a queue or the bin is full, your next best options nearby are Blk 184 Yung Sheng Rd and Blk 337B Tah Ching Rd. Check their status before heading over.",,,,,Mon - Sun:  24 Hrs
166,SGRVM0228,736 Yishun Street 72,1.428844,103.831634,Red,"736 Yishun Street 72, 760736",760736,OFFLINE,,,,,,Mon - Sun:  24 Hrs
167,SGRVM0229,140 Corporation Drive,1.326860,103.723390,Red,"140 Corporation Drive, 610140",610140,FULL,,,,,,Mon - Sun:  24 Hrs
168,SGRVM0230,236 Yishun Ring Rd,1.433970,103.839200,Red,"236 Yishun Ring Rd, 760236",760236,RUNNING,,,,,,Mon - Sun:  24 Hrs
171,SGRVM0233,291 Yishun Street 22,1.436260,103.836730,Red,"291 Yishun Street 22, 760291",760291,RUNNING,,,,,,Mon - Sun:  24 Hrs
172,SGRVM0234,610 Yishun Street 61,1.420497,103.836510,Red,"610 Yishun Street 61, 760610",760610,RUNNING,,,,,,Mon - Sun:  24 Hrs
174,SGRVM0236,101 Yishun Ave 5,1.430470,103.827360,Red,"101 Yishun Ave 5, 760101",760101,RUNNING,,,,,,Mon - Sun:  24 Hrs
176,SGRVM0238,668A Jurong West Street 64,1.341981,103.702755,Red,"668A Jurong West Street 64, 641668",641668,RUNNING,,,,,,Mon - Sun:  24 Hrs
178,SGRVM0240,309 Yishun Ring Rd,1.432090,103.840350,Red,"309 Yishun Ring Rd, 760309",760309,RUNNING,,,,,,Mon - Sun:  24 Hrs
179,SGRVM0241,762 Yishun Street 72,1.425680,103.834260,Red,"762 Yishun Street 72, 760762",760762,RUNNING,,,,,,Mon - Sun:  24 Hrs
181,SGRVM0243,120 Yishun Ring Rd,1.434900,103.829400,Red,"120 Yishun Ring Rd, 760120",760120,RUNNING,,,,,,Mon - Sun:  24 Hrs
183,SGRVM0245,604 Yishun Street 61,1.421677,103.835504,Red,"604 Yishun Street 61, 760604",760604,RUNNING,,,,,,Mon - Sun:  24 Hrs
186,SGRVM0248,260 Boon Lay Dr,1.345157,103.708019,Red,"260 Boon Lay Dr, 640260",640260,RUNNING,,,,,,Mon - Sun:  24 Hrs
187,SGRVM0249,"104 Bukit Batok Central, Block 104",1.349020,103.747300,Red,"104 Bukit Batok Central, Block 104, 650104",650104,RUNNING,,,,,,Mon - Sun:  24 Hrs
188,SGRVM0250,150 Yishun Street 11,1.430840,103.833620,Red,"150 Yishun Street 11, 760150",760150,RUNNING,,,,,,Mon - Sun:  24 Hrs
191,SGRVM0253,115A Ho Ching Rd,1.334350,103.724510,Red,"115A Ho Ching Rd, 611115",611115,FULL,,,,,,Mon - Sun:  24 Hrs
193,SGRVM0255,653A Jurong West Street 61,1.336960,103.696710,Red,"653A Jurong West Street 61, 641653",641653,FULL,,,,,,Mon - Sun:  24 Hrs
194,SGRVM0256,771 Choa Chu Kang Street 54,1.394470,103.749230,Red,"771 Choa Chu Kang Street 54, 680771",680771,RUNNING,,,,,,Mon - Sun:  24 Hrs
197,SGRVM0259,228 Yishun Street 21,1.435412,103.837582,Red,"228 Yishun Street 21, 760228",760228,RUNNING,,,,,,Mon - Sun:  24 Hrs
199,SGRVM0261,165 Yishun Ring Rd,1.435670,103.831610,Red,"165 Yishun Ring Rd, 760165",760165,RUNNING,,,,,,Mon - Sun:  24 Hrs
200,SGRVM0262,528 Jurong West Street 52,1.348370,103.717010,Red,"528 Jurong West Street 52, 640528",640528,RUNNING,,,,,,Mon - Sun:  24 Hrs
202,SGRVM0264,657 Choa Chu Kang Cres,1.400462,103.749739,Red,"657 Choa Chu Kang Cres, 680657",680657,RUNNING,,,,,,Mon - Sun:  24 Hrs
203,SGRVM0265,115 Yishun Ring Rd,1.434502,103.828037,Red,"115 Yishun Ring Rd, 760115",760115,FULL,,,,,,Mon - Sun:  24 Hrs
205,SGRVM0267,216 Boon Lay Ave,1.350470,103.712210,Red,"216 Boon Lay Ave, 640216",640216,RUNNING,,,,,,Mon - Sun:  24 Hrs
206,SGRVM0268,551 Jurong West Street 42,1.352400,103.716960,Red,"551 Jurong West Street 42, 640551",640551,RUNNING,,,,,,Mon - Sun:  24 Hrs
209,SGRVM0271,126 Yishun Street 11,1.433530,103.830090,Red,"126 Yishun Street 11, 760126",760126,FULL,,,,,,Mon - Sun:  24 Hrs
210,SGRVM0272,625 Jurong West Street 61,1.341587,103.698643,Red,"625 Jurong West Street 61, 640625",640625,RUNNING,,,,,,Mon - Sun:  24 Hrs
211,SGRVM0273,190 Boon Lay Dr,1.345153,103.711882,Red,"190 Boon Lay Dr, 640190",640190,RUNNING,,,,,,Mon - Sun:  24 Hrs
212,SGRVM0274,690A Choa Chu Kang Cres,1.402915,103.751555,Red,"690A Choa Chu Kang Cres, 681690",681690,RUNNING,,,,,,Mon - Sun:  24 Hrs
213,SGRVM0275,2 Marsiling Dr,1.439926,103.776121,Red,"2 Marsiling Dr, 730002",730002,RUNNING,,,,,,Mon - Sun:  24 Hrs
214,SGRVM0276,272B Jurong West Street 24,1.350644,103.704978,Red,"272B Jurong West Street 24, 642272",642272,RUNNING,,,,,,Mon - Sun:  24 Hrs
216,SGRVM0279,8 Marsiling Drive,1.441352,103.777211,Red,"8 Marsiling Drive, 730008",730008,RUNNING,,,,,,Mon - Sun:  24 Hrs
218,SGRVM0281,671A Choa Chu Kang Cres,1.402131,103.747893,Red,"671A Choa Chu Kang Cres, 681671",681671,RUNNING,,,,,,Mon - Sun:  24 Hrs
223,SGRVM0286,286 Yishun Ave 6,1.439850,103.838300,Red,"286 Yishun Ave 6, 760286",760286,RUNNING,,,,,,Mon - Sun:  24 Hrs
225,SGRVM0288,201 Marsiling Dr,1.442698,103.775421,Red,"201 Marsiling Dr, 730201",730201,RUNNING,,,,,,Mon - Sun:  24 Hrs
226,SGRVM0289,610 Choa Chu Kang Street 62,1.399450,103.743545,Red,"610 Choa Chu Kang Street 62, 680610",680610,RUNNING,,,,,,Mon - Sun:  24 Hrs
228,SGRVM0290,674A Jurong West Street 65,1.344782,103.702184,Red,"674A Jurong West Street 65, 641674",641674,ERROR,,,,,,Mon - Sun:  24 Hrs
229,SGRVM0291,682A Jurong West Central 1,1.344026,103.705435,Red,"682A Jurong West Central 1, 641682",641682,RUNNING,,,,,,Mon - Sun:  24 Hrs
230,SGRVM0292,134 Marsiling Rd,1.436800,103.777360,Red,"134 Marsiling Rd, 730134",730134,RUNNING,,,,,,Mon - Sun:  24 Hrs
231,SGRVM0293,184 Yung Sheng Rd,1.333360,103.722185,Red,"184 Yung Sheng Rd, 610184",610184,RUNNING,,,,,,Mon - Sun:  24 Hrs
233,SGRVM0295,205 Marsiling Dr,1.444980,103.773460,Red,"205 Marsiling Dr, 730205",730205,RUNNING,,,,,,Mon - Sun:  24 Hrs
234,SGRVM0296,274B Jurong West Street 25,1.352818,103.703150,Red,"274B Jurong West Street 25, 642274",642274,RUNNING,,,,,,Mon - Sun:  24 Hrs
235,SGRVM0297,337B Tah Ching Rd,1.337460,103.722420,Red,"337B Tah Ching Rd, 612337",612337,RUNNING,,,,,,Mon - Sun:  24 Hrs
237,SGRVM0299,668 Choa Chu Kang Cres,1.401872,103.749469,Red,"668 Choa Chu Kang Cres, 680668",680668,RUNNING,,,,,,Mon - Sun:  24 Hrs
239,SGRVM0301,698C Jurong West Central 3,1.340300,103.707710,Red,"698C Jurong West Central 3, 643698",643698,ERROR,,,,,,Mon - Sun:  24 Hrs
240,SGRVM0302,32 Marsiling Dr,1.443404,103.772794,Red,"32 Marsiling Dr, 730032",730032,RUNNING,,,,,,Mon - Sun:  24 Hrs
241,SGRVM0303,667C Jurong West Street 65,1.341330,103.702430,Red,"667C Jurong West Street 65, 643667",643667,RUNNING,,,,,,Mon - Sun:  24 Hrs
244,SGRVM0306,854 Jurong West Street 81,1.347812,103.695788,Red,"854 Jurong West Street 81, 640854",640854,RUNNING,,,,,,Mon - Sun:  24 Hrs
245,SGRVM0307,196B Boon Lay Drive,1.342910,103.714241,Red,"196B Boon Lay Drive, 642196",642196,RUNNING,,,,,,Mon - Sun:  24 Hrs
246,SGRVM0308,276D Jurong West Street 25,1.353560,103.704410,Red,"276D Jurong West Street 25, 644276",644276,RUNNING,,,,,,Mon - Sun:  24 Hrs
247,SGRVM0309,212 Marsiling Cres,1.446190,103.773100,Red,"212 Marsiling Cres, 730212",730212,RUNNING,,,,,,Mon - Sun:  24 Hrs
248,SGRVM0310,920 Jurong West Street 92,1.339941,103.688387,Red,"920 Jurong West Street 92, 640920",640920,RUNNING,,,,,,Mon - Sun:  24 Hrs
249,SGRVM0311,123 Marsiling Rise,1.439209,103.779111,Red,"123 Marsiling Rise, 730123",730123,FULL,,,,,,Mon - Sun:  24 Hrs
250,SGRVM0312,664D Jurong West Street 64,1.339197,103.702718,Red,"664D Jurong West Street 64, 644664",644664,FULL,,,,,,Mon - Sun:  24 Hrs
251,SGRVM0313,744 Jurong West Street 73,1.346812,103.698958,Red,"744 Jurong West Street 73, 640744",640744,RUNNING,,,,,,Mon - Sun:  24 Hrs
252,SGRVM0314,515 Jurong West Street 52,1.346250,103.720407,Red,"515 Jurong West Street 52, 640515",640515,RUNNING,,,,,,Mon - Sun:  24 Hrs
254,SGRVM0316,618 Choa Chu Kang North 7,1.400375,103.746980,Red,"618 Choa Chu Kang North 7, 680618",680618,RUNNING,,,,,,Mon - Sun:  24 Hrs
255,SGRVM0317,17 Marsiling Ln,1.442640,103.777740,Red,"17 Marsiling Ln, 730017",730017,RUNNING,,,,,,Mon - Sun:  24 Hrs
260,SGRVM0323,149 Woodlands Street 13,1.435762,103.773165,Red,"149 Woodlands Street 13, 730149",730149,RUNNING,,,,,,Mon - Sun:  24 Hrs
261,SGRVM0324,153 Gangsa Rd,1.375984,103.765288,Red,"153 Gangsa Rd, 670153",670153,RUNNING,,,,,,Mon - Sun:  24 Hrs
263,SGRVM0326,359 Clementi Ave 2,1.313430,103.769883,Red,"359 Clementi Ave 2, 120359",120359,RUNNING,,,,,,Mon - Sun:  24 Hrs
264,SGRVM0327,178 Woodlands Street 13,1.434595,103.777658,Red,"178 Woodlands Street 13, 730178",730178,RUNNING,,,,,,Mon - Sun:  24 Hrs
265,SGRVM0328,108 Gangsa Rd,1.377690,103.767160,Red,"108 Gangsa Rd, 670108",670108,RUNNING,,,,,,Mon - Sun:  24 Hrs
267,SGRVM0330,454 Clementi Ave 3,1.312244,103.766413,Red,"454 Clementi Ave 3, 120454",120454,RUNNING,,,,,,Mon - Sun:  24 Hrs
268,SGRVM0331,113 Woodlands Street 13,1.437990,103.781170,Red,"113 Woodlands Street 13, 730113",730113,RUNNING,,,,,,Mon - Sun:  24 Hrs
269,SGRVM0332,113 Clementi Street 13,1.323472,103.770353,Red,"113 Clementi Street 13, 120113",120113,RUNNING,,,,,,Mon - Sun:  24 Hrs
270,SGRVM0333,140 Petir Rd,1.375459,103.768969,Red,"140 Petir Rd, 670140",670140,RUNNING,,,,,,Mon - Sun:  24 Hrs
271,SGRVM0334,101 Gangsa Rd,1.379390,103.767520,Red,"101 Gangsa Rd, 670101",670101,RUNNING,,,,,,Mon - Sun:  24 Hrs
272,SGRVM0335,326 Clementi Ave 5 ,1.314475,103.766381,Red,"326 Clementi Ave 5 , 120326",120326,RUNNING,,,,,,Mon - Sun:  24 Hrs
273,SGRVM0336,311B Clementi Ave 4,1.319451,103.765632,Red,"311B Clementi Ave 4, 122311",122311,RUNNING,,,,,,Mon - Sun:  24 Hrs
275,SGRVM0338,343 Clementi Ave 5,1.317813,103.770932,Red,"343 Clementi Ave 5, 120343",120343,RUNNING,,,,,,Mon - Sun:  24 Hrs
277,SGRVM0340,131 Cashew Rd,1.374604,103.770781,Red,"131 Cashew Rd, 670131",670131,RUNNING,,,,,,Mon - Sun:  24 Hrs
279,SGRVM0342,288C Jurong East Street 21,1.339725,103.743636,Red,"288C Jurong East Street 21, 603288",603288,RUNNING,,,,,,Mon - Sun:  24 Hrs
280,SGRVM0343,102 Woodlands Street 13,1.436269,103.781002,Red,"102 Woodlands Street 13, 730102",730102,RUNNING,,,,,,Mon - Sun:  24 Hrs
281,SGRVM0344,160 Woodlands Street 13,1.433329,103.774652,Red,"160 Woodlands Street 13, 730160",730160,RUNNING,,,,,,Mon - Sun:  24 Hrs
282,SGRVM0345,310 Woodlands Street 31,1.430135,103.775970,Red,"310 Woodlands Street 31, 730310",730310,RUNNING,,,,,,Mon - Sun:  24 Hrs
284,SGRVM0347,103 Clementi Street 14,1.322680,103.768880,Red,"103 Clementi Street 14, 120103",120103,RUNNING,,,,,,Mon - Sun:  24 Hrs
363,B9481034,Block 114 Edgefield Plains,1.395677,103.907358,Blue,"Block 114 Edgefield Plains, 820114",820114,RUNNING,,,,,,Mon - Sun:  24 Hrs
367,B5052557,Block 126A Edgedale Plains,1.394238,103.911723,Blue,"126A Edgedale Plains, 821126",821126,RUNNING,,,,,,Mon - Sun:  24 Hrs
368,B9051005,Block 185 Edgefield Plains,1.398223,103.910406,Blue,"185 Edgefield Plains, 820185",820185,RUNNING,,,,,,Mon - Sun:  24 Hrs
369,B5481174,Block 204A Punggol Field,1.398894,103.902914,Blue,"Block 204A Punggol Field, 821204",821204,RUNNING,,,,,,Mon - Sun:  24 Hrs
371,SGRVM0001,168 Woodlands Street 11,1.432979,103.776415,Red,"168 Woodlands Street 11, 730168",730168,RUNNING,,,,,,Mon - Sun:  24 Hrs
372,SGRVM0002,297C Choa Chu Kang Ave 2,1.377770,103.743170,Red,"297C Choa Chu Kang Ave 2, 683297",683297,RUNNING,"This machine is popular and can get busy. If there's a queue or the bin is full, your next best options nearby are Blk 274 Choa Chu Kang Ave 2 and Blk 290 Choa Chu Kang Ave 3. Check their status before heading over.",,,,,Mon - Sun:  24 Hrs
373,SGRVM0003,219 Choa Chu Kang Central,1.382740,103.745520,Red,"219 Choa Chu Kang Central, 680219",680219,RUNNING,,,,,,Mon - Sun:  24 Hrs
374,SGRVM0004,454 Fajar Rd,1.384600,103.771310,Red,"454 Fajar Rd, 670454",670454,RUNNING,,,,,,Mon - Sun:  24 Hrs
375,SGRVM0005,418 Fajar Rd,1.384290,103.768880,Red,"418 Fajar Rd, 670418",670418,RUNNING,,,,,,Mon - Sun:  24 Hrs
376,SGRVM0006,319 Clementi Ave 4,1.317501,103.764808,Red,"319 Clementi Ave 4, 120319",120319,RUNNING,,,,,,Mon - Sun:  24 Hrs
377,SGRVM0007,"233 Pending Rd, #08-11",1.376580,103.771770,Red,"233 Pending Rd, #08-11, 670233",670233,RUNNING,,,,,,Mon - Sun:  24 Hrs
379,SGRVM0009,213 Petir Rd,1.374581,103.775406,Red,"213 Petir Rd, 670213",670213,RUNNING,,,,,,Mon - Sun:  24 Hrs
380,SGRVM0010,708 Choa Chu Kang Street 53,1.391600,103.746970,Red,"708 Choa Chu Kang Street 53, 680708",680708,RUNNING,,,,,,Mon - Sun:  24 Hrs
381,SGRVM0011,685C Choa Chu Kang Cres,1.403421,103.748610,Red,"685C Choa Chu Kang Cres, 683685",683685,RUNNING,,,,,,Mon - Sun:  24 Hrs
382,SGRVM0012,461 Segar Rd,1.387050,103.771000,Red,"461 Segar Rd, 670461",670461,RUNNING,,,,,,Mon - Sun:  24 Hrs
383,SGRVM0013,406 Fajar Rd,1.381840,103.767490,Red,"406 Fajar Rd, 670406",670406,RUNNING,,,,,,Mon - Sun:  24 Hrs
384,SGRVM0014,175 Lompang Rd,1.379810,103.765960,Red,"175 Lompang Rd, 670175",670175,RUNNING,,,,,,Mon - Sun:  24 Hrs
385,SGRVM0015,188 Bukit Batok West Ave 6,1.346373,103.745765,Red,"188 Bukit Batok West Ave 6, 650188",650188,RUNNING,,,,,,Mon - Sun:  24 Hrs
386,SGRVM0016,234 Choa Chu Kang Central,1.380196,103.748357,Red,"234 Choa Chu Kang Central, 680234",680234,RUNNING,,,,,,Mon - Sun:  24 Hrs
387,SGRVM0017,372 Jurong East Street 32,1.348650,103.731810,Red,"372 Jurong East Street 32, 600372",600372,RUNNING,,,,,,Mon - Sun:  24 Hrs
389,SGRVM0019,671 Yishun Avenue 4,1.419108,103.841397,Red,"671 Yishun Avenue 4, 760671",760671,RUNNING,,,,,,Mon - Sun:  24 Hrs
390,SGRVM0020,272 Bangkit Rd,1.377453,103.774742,Red,"272 Bangkit Rd, 670272",670272,RUNNING,,,,,,Mon - Sun:  24 Hrs
391,SGRVM0021,808B Choa Chu Kang Ave 1,1.375630,103.745790,Red,"808B Choa Chu Kang Ave 1, 682808",682808,RUNNING,,,,,,Mon - Sun:  24 Hrs
392,SGRVM0022,536 Choa Chu Kang Street 51,1.391850,103.744040,Red,"536 Choa Chu Kang Street 51, 680536",680536,RUNNING,,,,,,Mon - Sun:  24 Hrs
393,SGRVM0023,677 Choa Chu Kang Cres,1.436993,103.777357,Red,"677 Choa Chu Kang Cres, 680677",680677,RUNNING,,,,,,Mon - Sun:  24 Hrs
394,SGRVM0024,527 Choa Chu Kang Street 51,1.391880,103.741450,Red,"527 Choa Chu Kang Street 51, 680527",680527,RUNNING,,,,,,Mon - Sun:  24 Hrs
395,SGRVM0025,625 Choa Chu Kang Street 62,1.398620,103.746039,Red,"625 Choa Chu Kang Street 62, 680625",680625,ERROR,,,,,,Mon - Sun:  24 Hrs
397,SGRVM0027,167 Petir Rd,1.377630,103.764760,Red,"167 Petir Rd, 670167",670167,RUNNING,,,,,,Mon - Sun:  24 Hrs
398,SGRVM0028,601 Choa Chu Kang Street 62,1.396950,103.744890,Red,"601 Choa Chu Kang Street 62, 680601",680601,RUNNING,,,,,,Mon - Sun:  24 Hrs
399,SGRVM0029,486 Choa Chu Kang Ave 5,1.375462,103.738362,Red,"486 Choa Chu Kang Ave 5, 680486",680486,MAINTENANCE,,,,,,Mon - Sun:  24 Hrs
400,SGRVM0030,760 Choa Chu Kang North 5,1.393090,103.747300,Red,"760 Choa Chu Kang North 5, 680760",680760,RUNNING,,,,,,Mon - Sun:  24 Hrs
401,SGRVM0031,162 Bukit Batok Street 11,1.348282,103.748058,Red,"162 Bukit Batok Street 11, 650162",650162,RUNNING,,,,,,Mon - Sun:  24 Hrs
403,SGRVM0033,210 Bukit Batok Street 21,1.345456,103.749873,Red,"210 Bukit Batok Street 21, 650210",650210,RUNNING,,,,,,Mon - Sun:  24 Hrs
406,SGRVM0036,505 Choa Chu Kang Street 51,1.389010,103.742063,Red,"505 Choa Chu Kang Street 51, 680505",680505,RUNNING,,,,,,Mon - Sun:  24 Hrs
407,SGRVM0037,"437 Fajar Rd, Block 437",1.382590,103.769520,Red,"437 Fajar Rd, Block 437, 670437",670437,FULL,,,,,,Mon - Sun:  24 Hrs
408,SGRVM0038,493 Jurong West Street 41,1.349010,103.724890,Red,"493 Jurong West Street 41, 640493",640493,RUNNING,,,,,,Mon - Sun:  24 Hrs
409,SGRVM0039,432 Choa Chu Kang Ave 4,1.384650,103.741793,Red,"432 Choa Chu Kang Ave 4, 680432",680432,RUNNING,,,,,,Mon - Sun:  24 Hrs
410,SGRVM0040,290 Choa Chu Kang Ave 3,1.378830,103.740390,Red,"290 Choa Chu Kang Ave 3, 680290",680290,RUNNING,,,,,,Mon - Sun:  24 Hrs
411,SGRVM0041,238 Bukit Batok East Ave 5,1.349897,103.754764,Red,"238 Bukit Batok East Ave 5, 650238",650238,RUNNING,,,,,,Mon - Sun:  24 Hrs
412,SGRVM0042,296B Bukit Batok Street 22,1.343844,103.747477,Red,"296B Bukit Batok Street 22, 652296",652296,RUNNING,,,,,,Mon - Sun:  24 Hrs
413,SGRVM0043,137 Teck Whye Ln,1.379964,103.752869,Red,"137 Teck Whye Ln, 680137",680137,RUNNING,,,,,,Mon - Sun:  24 Hrs
414,SGRVM0044,473 Choa Chu Kang Ave 3,1.379451,103.737833,Red,"473 Choa Chu Kang Ave 3, 680473",680473,RUNNING,,,,,,Mon - Sun:  24 Hrs
416,SGRVM0046,164 Jln Teck Whye,1.381310,103.756400,Red,"164 Jln Teck Whye, 680164",680164,FULL,,,,,,Mon - Sun:  24 Hrs
417,SGRVM0047,230 Choa Chu Kang Central,1.380357,103.746310,Red,"230 Choa Chu Kang Central, 680230",680230,RUNNING,,,,,,Mon - Sun:  24 Hrs
418,SGRVM0048,290B Bukit Batok Street 24,1.343736,103.756650,Red,"290B Bukit Batok Street 24, 653290",653290,RUNNING,,,,,,Mon - Sun:  24 Hrs
420,SGRVM0050,498 Jurong West Street 41,1.348820,103.724430,Red,"498 Jurong West Street 41, 640498",640498,FULL,,,,,,Mon - Sun:  24 Hrs
421,SGRVM0051,639 Choa Chu Kang Street 64,1.397740,103.749048,Red,"639 Choa Chu Kang Street 64, 680639",680639,RUNNING,,,,,,Mon - Sun:  24 Hrs
422,SGRVM0052,488B Choa Chu Kang Ave 5,1.377060,103.739330,Red,"488B Choa Chu Kang Ave 5, 682488",682488,RUNNING,,,,,,Mon - Sun:  24 Hrs
423,SGRVM0053,125 Bukit Batok Central,1.351541,103.746952,Red,"125 Bukit Batok Central, 650125",650125,RUNNING,,,,,,Mon - Sun:  24 Hrs
425,SGRVM0055,334D Yishun Street 31,1.432400,103.846680,Red,"334D Yishun Street 31, 764334",764334,FULL,,,,,,Mon - Sun:  24 Hrs
426,SGRVM0056,454 Choa Chu Kang Ave 4,1.379170,103.734764,Red,"454 Choa Chu Kang Ave 4, 680454",680454,RUNNING,,,,,,Mon - Sun:  24 Hrs
427,SGRVM0057,818B Choa Chu Kang Ave 1,1.377290,103.748330,Red,"818B Choa Chu Kang Ave 1, 682818",682818,RUNNING,"This machine is popular and can get busy. If there's a queue or the bin is full, your next best option nearby is Blk 808B Choa Chu Kang Ave 1. Check its status before heading over.",,,,,Mon - Sun:  24 Hrs
428,SGRVM0058,426 Choa Chu Kang Ave 4,1.380616,103.739191,Red,"426 Choa Chu Kang Ave 4, 680426",680426,RUNNING,,,,,,Mon - Sun:  24 Hrs
429,SGRVM0059,562 Choa Chu Kang Street 52,1.396220,103.745790,Red,"562 Choa Chu Kang Street 52, 680562",680562,FULL,,,,,,Mon - Sun:  24 Hrs
430,SGRVM0060,434 Bukit Panjang Ring Rd,1.385396,103.770494,Red,"434 Bukit Panjang Ring Rd, 670434",670434,RUNNING,,,,,,Mon - Sun:  24 Hrs
431,SGRVM0061,"228 Bukit Batok Central,",1.348700,103.753760,Red,"228 Bukit Batok Central,, 650228",650228,RUNNING,,,,,,Mon - Sun:  24 Hrs
432,SGRVM0062,442 Choa Chu Kang Ave 4,1.380940,103.737680,Red,"442 Choa Chu Kang Ave 4, 680442",680442,RUNNING,,,,,,Mon - Sun:  24 Hrs
433,SGRVM0063,103 Bukit Batok Central,1.350119,103.745366,Red,"103 Bukit Batok Central, 650103",650103,RUNNING,,,,,,Mon - Sun:  24 Hrs
434,SGRVM0064,517 Choa Chu Kang Street 51,1.390720,103.742960,Red,"517 Choa Chu Kang Street 51, 680517",680517,RUNNING,,,,,,Mon - Sun:  24 Hrs
436,SGRVM0066,340 Choa Chu Kang Loop,1.384192,103.745490,Red,"340 Choa Chu Kang Loop, 680340",680340,RUNNING,,,,,,Mon - Sun:  24 Hrs
437,SGRVM0067,464 Jurong West Street 41,1.350350,103.722340,Red,"464 Jurong West Street 41, 640464",640464,FULL,,,,,,Mon - Sun:  24 Hrs
438,SGRVM0068,413 Saujana Rd,1.382334,103.768549,Red,"413 Saujana Rd, 670413",670413,RUNNING,,,,,,Mon - Sun:  24 Hrs
439,SGRVM0069,169 Bukit Batok West Ave 8,1.346742,103.740833,Red,"169 Bukit Batok West Ave 8, 650169",650169,FULL,,,,,,Mon - Sun:  24 Hrs
440,SGRVM0070,764 Jurong West Street 74,1.349460,103.698420,Red,"764 Jurong West Street 74, 640764",640764,RUNNING,,,,,,Mon - Sun:  24 Hrs
441,SGRVM0071,550 Choa Chu Kang Street 52,1.394065,103.742722,Red,"550 Choa Chu Kang Street 52, 680550",680550,RUNNING,,,,,,Mon - Sun:  24 Hrs
442,SGRVM0072,"251 Bangkit Rd,",1.380160,103.773680,Red,"251 Bangkit Rd,, 670251",670251,RUNNING,,,,,,Mon - Sun:  24 Hrs
443,SGRVM0073,308 Jurong East Street 32,1.347320,103.734449,Red,"308 Jurong East Street 32, 600308",600308,RUNNING,,,,,,Mon - Sun:  24 Hrs
444,SGRVM0074,308 Bukit Batok Street 31,1.357472,103.747972,Red,"308 Bukit Batok Street 31, 650308",650308,RUNNING,,,,,,Mon - Sun:  24 Hrs
445,SGRVM0075,242 Bukit Panjang Ring Rd,1.380229,103.772150,Red,"242 Bukit Panjang Ring Rd, 670242",670242,RUNNING,,,,,,Mon - Sun:  24 Hrs
447,B9051012,Block 447A Punggol Way,1.417658,103.912187,Blue,"447A Punggol Way, 821447",821447,RUNNING,,,,,,Mon - Sun:  24 Hrs
448,B5481157,Block 310C Punggol Walk,1.409698,103.900196,Blue,"Block 310C Punggol walk, 823310",823310,RUNNING,,,,,,Mon - Sun:  24 Hrs
449,B5052555,Block 435 Northshore Drive,1.418507,103.910157,Blue,"435 Northshore Drive, 820435",820435,RUNNING,,,,,,Mon - Sun:  24 Hrs
450,B5052476,Block 411A Northshore Drive,1.418358,103.905768,Blue,"411A Northshore Drive, 821411",821411,RUNNING,,,,,,Mon - Sun:  24 Hrs
451,SGRVM0079,316 Jurong East Street 32,1.347050,103.732160,Red,"316 Jurong East Street 32, 600316",600316,RUNNING,,,,,,Mon - Sun:  24 Hrs
452,SGRVM0078,320 Jurong East Street 31,1.348439,103.731003,Red,"320 Jurong East Street 31, 600320",600320,RUNNING,,,,,,Mon - Sun:  24 Hrs
453,SGRVM0080,340 Jurong East Ave 1,1.350279,103.730665,Red,"340 Jurong East Ave 1, 600340",600340,FULL,,,,,,Mon - Sun:  24 Hrs
455,SGRVM0082,475 Jurong West Street 41,1.346831,103.724433,Red,"475 Jurong West Street 41, 640475",640475,RUNNING,,,,,,Mon - Sun:  24 Hrs
456,SGRVM0083,458 Jurong West Street 41,1.350219,103.719861,Red,"458 Jurong West Street 41, 640458",640458,RUNNING,,,,,,Mon - Sun:  24 Hrs
457,SGRVM0084,461A Bukit Batok West Ave 8,1.355350,103.740090,Red,"461A Bukit Batok West Ave 8, 651461",651461,RUNNING,,,,,,Mon - Sun:  24 Hrs
458,SGRVM0085,330 Clementi Ave 2,1.313743,103.767828,Red,"330 Clementi Ave 2, 120330",120330,RUNNING,,,,,,Mon - Sun:  24 Hrs
459,SGRVM0086,435C Bukit Batok West Ave. 5,1.358376,103.740093,Red,"435C Bukit Batok West Ave. 5, 653435",653435,RUNNING,,,,,,Mon - Sun:  24 Hrs
460,SGRVM0087,317 Jurong East Street 31,1.346870,103.731240,Red,"317 Jurong East Street 31, 600317",600317,RUNNING,,,,,,Mon - Sun:  24 Hrs
461,SGRVM0088,248 Bukit Batok East Avenue 5,1.350328,103.756482,Red,"248 Bukit Batok East Avenue 5, 650248",650248,FULL,,,,,,Mon - Sun:  24 Hrs
462,SGRVM0089,369 Bukit Batok Street 31,1.360010,103.750393,Red,"369 Bukit Batok Street 31, 650369",650369,FULL,,,,,,Mon - Sun:  24 Hrs
463,SGRVM0090,325 Jurong East Street 31,1.348810,103.728940,Red,"325 Jurong East Street 31, 600325",600325,RUNNING,,,,,,Mon - Sun:  24 Hrs
464,SGRVM0091,288D Bukit Batok Street 25,1.345810,103.759100,Red,"288D Bukit Batok Street 25, 653288",653288,RUNNING,,,,,,Mon - Sun:  24 Hrs
465,SGRVM0092,350 Bukit Batok Street 34,1.361718,103.749146,Red,"350 Bukit Batok Street 34, 650350",650350,FULL,,,,,,Mon - Sun:  24 Hrs
466,SGRVM0093,480 Jurong West Street 41,1.347320,103.724000,Red,"480 Jurong West Street 41, 640480",640480,RUNNING,,,,,,Mon - Sun:  24 Hrs
467,SGRVM0094,15 Teck Whye Ln,1.379105,103.754402,Red,"15 Teck Whye Ln, 680015",680015,RUNNING,,,,,,Mon - Sun:  24 Hrs
468,SGRVM0095,138 Bukit Batok West Ave 6,1.350551,103.744416,Red,"138 Bukit Batok West Ave 6, 650138",650138,RUNNING,,,,,,Mon - Sun:  24 Hrs
469,SGRVM0096,181 Jelebu Rd,1.379310,103.762910,Red,"181 Jelebu Rd, 670181",670181,RUNNING,,,,,,Mon - Sun:  24 Hrs
470,SGRVM0097,164 Bukit Batok Street 11,1.347740,103.742810,Red,"164 Bukit Batok Street 11, 650164",650164,RUNNING,,,,,,Mon - Sun:  24 Hrs
477,SGRVM0105,757 Yishun Street 72 ,1.426585,103.834060,Red,"757 Yishun Street 72 , 760757",760757,RUNNING,,,,,,Mon - Sun:  24 Hrs
479,SGRVM0107,636 Yishun Street 61,1.419655,103.839067,Red,"636 Yishun Street 61, 760636",760636,RUNNING,,,,,,Mon - Sun:  24 Hrs
483,SGRVM0104,274 Choa Chu Kang Ave 2,1.379370,103.742820,Red,"274 Choa Chu Kang Ave 2, 680274",680274,FULL,,,,,,Mon - Sun:  24 Hrs
487,SGRVM0114,654 Yishun Avenue 4,1.422984,103.840497,Red,"654 Yishun Avenue 4, 760654",760654,RUNNING,,,,,,Mon - Sun:  24 Hrs
492,SGRVM0119,112 Teck Whye Ln,1.377645,103.752334,Red,"112 Teck Whye Ln, 680112",680112,OFFLINE,,,,,,Mon - Sun:  24 Hrs
506,SGRVM0136,213 Yishun Street 21,1.431849,103.836330,Red,"213 Yishun Street 21, 760213",760213,RUNNING,,,,,,Mon - Sun:  24 Hrs
511,SGRVM0141,676C Yishun Ring Rd,1.421540,103.842280,Red,"676C Yishun Ring Rd, 763676",763676,RUNNING,,,,,,Mon - Sun:  24 Hrs
512,SGRVM0142,365 Yishun Ring Rd,1.429250,103.845190,Red,"365 Yishun Ring Rd, 760365",760365,RUNNING,,,,,,Mon - Sun:  24 Hrs
514,SGRVM0133,771 Yishun Ave 3,1.423960,103.832600,Red,"771 Yishun Ave 3, 760771",760771,RUNNING,,,,,,Mon - Sun:  24 Hrs
524,SGRVM0151,379 Clementi Ave 5,1.317909,103.767796,Red,"379 Clementi Ave 5, 120379",120379,RUNNING,,,,,,Mon - Sun:  24 Hrs
532,SGRVM0164,935 Yishun Central 1,1.425173,103.836800,Red,"935 Yishun Central 1, 760935",760935,RUNNING,,,,,,Mon - Sun:  24 Hrs
545,SGRVM0172,701 Yishun Ave 5,1.429999,103.828719,Red,"701 Yishun Ave 5, 760701",760701,RUNNING,,,,,,Mon - Sun:  24 Hrs
546,SGRVM0174,726 Yishun Street 71,1.426660,103.830850,Red,"726 Yishun Street 71, 760726",760726,RUNNING,,,,,,Mon - Sun:  24 Hrs
547,SGRVM0175,641 Yishun Street 61,1.420830,103.838311,Red,"641 Yishun Street 61, 760641",760641,RUNNING,,,,,,Mon - Sun:  24 Hrs
565,SGRVM0193,721 Yishun Street 71,1.426106,103.828910,Red,"721 Yishun Street 71, 760721",760721,RUNNING,,,,,,Mon - Sun:  24 Hrs
569,SGRVM0197,207 Boon Lay Place,1.346683,103.713592,Red,"207 Boon Lay Place, 640207",640207,RUNNING,,,,,,Mon - Sun:  24 Hrs
580,20254609077,"Blk 886,Tampines Street 83",1.351229,103.932022,Green,"Blk 886,Tampines Street 83, 520886",520886,RUNNING,,,,,,Mon - Sun:  24 Hrs
581,20254509008,"Blk 637, Bedok Reservoir Road",1.331076,103.904034,Green,"Blk 637, Bedok Reservoir Road, 410637",410637,RUNNING,,,,,,Mon - Sun:  24 Hrs
582,20254609065,"Blk 406,Tampines Street 41",1.358141,103.945919,Green,"Blk 406,Tampines Street 41, 520406",520406,RUNNING,,,,,,Mon - Sun:  24 Hrs
583,20254609092,Blk 426 Tampines Street 41,1.359568,103.947962,Green,"Blk 426, Tampines Street 41, 520426",520426,FULL,,,,,,Mon - Sun:  24 Hrs
584,20254508895,"Blk 485A, Tampines Avenue 9",1.360022,103.955737,Green,"Blk 485A, Tampines Avenue 9, 520485",520485,RUNNING,,,,,,Mon - Sun:  24 Hrs
585,20254609112,"Blk 911,Tampines Street 91",1.349904,103.939856,Green,"Blk 911,Tampines Street 91, 520911",520911,RUNNING,,,,,,Mon - Sun:  24 Hrs
586,20254609236,"Blk 954C,Tampines Street 96",1.342494,103.937082,Green,"Blk 954C,Tampines Street 96, 523954",523954,RUNNING,,,,,,Mon - Sun:  24 Hrs
587,20254609245,"Blk 874,Tampines Street 84",1.353430,103.932596,Green,"Blk 874,Tampines Street 84, 520874",520874,RUNNING,,,,,,Mon - Sun:  24 Hrs
588,20254709304,"Blk 872,Tampines Street 84",1.354250,103.932323,Green,"Blk 872,Tampines Street 84, 520872",520872,RUNNING,,,,,,Mon - Sun:  24 Hrs
595,20255010195,ANG MO SUPERMARKET-622B TAMPINES AVE 12,1.360888,103.941200,Green,"BLK 622B TAMPINES AVE 12 #01-10 SINGAPORE 522622, 522622",522622,OFFLINE,,,,,,Mon - Sun:  08:00 AM - 10:00 PM
731,20254709518,"Blk 106, Bedok North Avenue 4",1.334419,103.937075,Green,"Blk 106, Bedok North Avenue 4, 460106",460106,RUNNING,,,,,,Mon - Sun:  24 Hrs
732,20254709529,"Blk 113, Bedok North Street 2",1.330436,103.935189,Green,"Blk 113, Bedok North Street 2, 460113",460113,RUNNING,,,,,,Mon - Sun:  24 Hrs
764,20254809789,"Blk 42, Cassia Crescent",1.310410,103.886295,Green,"Blk 42, Cassia Crescent, 390042",390042,RUNNING,,,,,,Mon - Sun:  24 Hrs
768,20254408783,"Blk 356D, Ubi Road 3",1.326912,103.900082,Green,"Blk 356D, Ubi Road 3, 404356",404356,RUNNING,,,,,,Mon - Sun:  24 Hrs
769,20254508879,"Blk 108, Lengkong Tiga",1.324655,103.910244,Green,"Blk 108, Lengkong Tiga, 410108",410108,RUNNING,,,,,,Mon - Sun:  24 Hrs
770,20254609025,"Blk 74, Marine Drive",1.303615,103.907214,Green,"Blk 74, Marine Drive, 440074",440074,RUNNING,,,,,,Mon - Sun:  24 Hrs
771,20254609026,"Blk 47, Marine Crescent",1.305716,103.912368,Green,"Blk 47, Marine Crescent, 440047",440047,FULL,,,,,,Mon - Sun:  24 Hrs
772,20254809776,"Blk 47, Jln Tiga",1.308835,103.884949,Green,"Blk 47, Jln Tiga, 390047",390047,RUNNING,,,,,,Mon - Sun:  24 Hrs
774,20254609087,"Blk 64, Marine Drive",1.301955,103.909174,Green,"Blk 64, Marine Drive, 440064",440064,RUNNING,,,,,,Mon - Sun:  24 Hrs
775,20254609091,"Blk 55, Chai Chee Drive",1.327172,103.919338,Green,"Blk 55, Chai Chee Drive, 460055",460055,RUNNING,,,,,,Mon - Sun:  24 Hrs
776,20254809799,"Blk 55, New Upper Changi Road",1.325114,103.942076,Green,"Blk 55, New Upper Changi Road, 461055",461055,RUNNING,,,,,,Mon - Sun:  24 Hrs
777,20254609110,"Blk 319, Ubi Avenue 1",1.328208,103.903477,Green,"Blk 319, Ubi Avenue 1, 400319",400319,RUNNING,,,,,,Mon - Sun:  24 Hrs
778,20254609115,"Blk 115, Lengkong Tiga",1.323104,103.911347,Green,"Blk 115, Lengkong Tiga, 410115",410115,RUNNING,,,,,,Mon - Sun:  24 Hrs
779,20254609114,"Blk 61, Chai Chee Road",1.325090,103.920749,Green,"Blk 61, Chai Chee Road, 460061",460061,RUNNING,,,,,,Mon - Sun:  24 Hrs
780,20254709482,"Blk 61, New Upper Changi Road",1.322779,103.940762,Green,"Blk 61, New Upper Changi Road, 461061",461061,FULL,,,,,,Mon - Sun:  24 Hrs
781,20254609231,"Blk 330, Ubi Avenue 1",1.326548,103.904139,Green,"Blk 330, Ubi Avenue 1, 400330",400330,RUNNING,,,,,,Mon - Sun:  24 Hrs
782,20254609232,"Blk 104, Lengkong Tiga",1.325839,103.909919,Green,"Blk 104, Lengkong Tiga, 410104",410104,RUNNING,,,,,,Mon - Sun:  24 Hrs
783,20254709351,"Blk 9, Eunos Crescent",1.321871,103.902751,Green,"Blk 9, Eunos Crescent, 400009",400009,RUNNING,,,,,,Mon - Sun:  24 Hrs
784,20254909831,"Blk 10, Pine Close",1.309170,103.882149,Green,"Blk 10, Pine Close, 391010",391010,RUNNING,,,,,,
785,20254709484,"Blk 846, Sims Avenue",1.317591,103.901699,Green,"Blk 846, Sims Avenue, 400846",400846,RUNNING,,,,,,Mon - Sun:  24 Hrs
786,20254709489,"Blk 1, Bedok South Avenue 1",1.320956,103.933824,Green,"Blk 1, Bedok South Avenue 1, 460001",460001,RUNNING,,,,,,Mon - Sun:  24 Hrs
787,20254709493,"Blk 417, Eunos Road 5",1.318172,103.897099,Green,"Blk 417, Eunos Road 5, 400417",400417,RUNNING,,,,,,Mon - Sun:  24 Hrs
788,20254709524,"Blk 22, Eunos Crescent",1.324813,103.902022,Green,"Blk 22, Eunos Crescent, 400022",400022,RUNNING,,,,,,Mon - Sun:  24 Hrs
789,20254709522,"Blk 2, Haig Road",1.312510,103.897617,Green,"Blk 2, Haig Road, 430002",430002,RUNNING,,,,,,Mon - Sun:  24 Hrs
790,20254709528,"Blk 16, Eunos Crescent",1.323072,103.904452,Green,"Blk 16, Eunos Crescent, 400016",400016,RUNNING,,,,,,Mon - Sun:  24 Hrs
791,20254709530,"Blk 358D, Ubi Road 3",1.329452,103.899994,Green,"Blk 358D, Ubi Road 3, 404358",404358,RUNNING,,,,,,Mon - Sun:  24 Hrs
792,20254709532,"Blk 358B, Ubi Road 3",1.328444,103.900145,Green,"Blk 358B, Ubi Road 3, 402358",402358,RUNNING,,,,,,Mon - Sun:  24 Hrs
793,20254709534,"Blk 3, Pine Close",1.307050,103.883244,Green,"Blk 3, Pine Close, 392003",392003,RUNNING,,,,,,Mon - Sun:  24 Hrs
794,20254709535,"Blk 351, Ubi Avenue 1",1.325495,103.900544,Green,"Blk 351, Ubi Avenue 1, 400351",400351,RUNNING,,,,,,Mon - Sun:  24 Hrs
795,20254709539,"Blk 348, Ubi Avenue 1",1.326158,103.900255,Green,"Blk 348, Ubi Avenue 1, 400348",400348,RUNNING,,,,,,Mon - Sun:  24 Hrs
796,20254709542,"Blk 105, Aljunied Crescent",1.319470,103.882743,Green,"Blk 105, Aljunied Crescent, 380105",380105,RUNNING,,,,,,Mon - Sun:  24 Hrs
797,20254809582,"Blk 60, Dakota Crescent",1.307678,103.888577,Green,"Blk 60, Dakota Crescent, 390060",390060,RUNNING,,,,,,Mon - Sun:  24 Hrs
798,20254809584,"Blk 28, Cassia Crescent",1.308976,103.883513,Green,"Blk 28, Cassia Crescent, 391028",391028,RUNNING,,,,,,Mon - Sun:  24 Hrs
799,20254809585,"Blk 126, Geylang East Avenue 1",1.317859,103.887015,Green,"Blk 126, Geylang East Avenue 1, 381126",381126,RUNNING,,,,,,Mon - Sun:  24 Hrs
800,20254809586,"Blk 156, Bedok South Avenue 3",1.318277,103.945501,Green,"Blk 156, Bedok South Avenue 3, 460156",460156,RUNNING,,,,,,Mon - Sun:  24 Hrs
801,20254809588,"Blk 1, Pine Close",1.308194,103.884076,Green,"Blk 1, Pine Close, 390001",390001,RUNNING,,,,,,Mon - Sun:  24 Hrs
802,20254909822,"Blk 1, Kampong Kayu Rd",1.303625,103.883806,Green,"Blk 1, Kampong Kayu Rd, 431001",431001,RUNNING,,,,,,Mon - Sun:  24 Hrs
803,20254809589,"Blk 4, Marine Ter",1.305155,103.917638,Green,"Blk 4, Marine Ter, 440004",440004,RUNNING,,,,,,Mon - Sun:  24 Hrs
804,20254809590,"Blk 36, Cassia Crescent",1.309862,103.885199,Green,"Blk 36, Cassia Crescent, 390036",390036,RUNNING,,,,,,Mon - Sun:  24 Hrs
805,20254809594,"Blk 55, Marine Ter",1.305427,103.913960,Green,"Blk 55, Marine Ter, 440055",440055,RUNNING,,,,,,Mon - Sun:  24 Hrs
806,20254809775,"Blk 14, Bedok South Ave 2",1.321040,103.936297,Green,"Blk 14, Bedok South Ave 2, 460014",460014,RUNNING,,,,,,Mon - Sun:  24 Hrs
807,20254809591,"Blk 30, Marine Crescent",1.304170,103.911178,Green,"Blk 30, Marine Crescent, 440030",440030,RUNNING,,,,,,Mon - Sun:  24 Hrs
808,20254809592,"Blk 11, Haig Road",1.314847,103.896627,Green,"Blk 11, Haig Road, 430011",430011,RUNNING,,,,,,Mon - Sun:  24 Hrs
809,20254809780,"Blk 8, Haig Road",1.313668,103.896069,Green,"Blk 8, Haig Road, 430008",430008,RUNNING,,,,,,Mon - Sun:  24 Hrs
810,20254809782,"Blk 164, Bedok South Road",1.320101,103.946598,Green,"Blk 164, Bedok South Road, 460164",460164,RUNNING,,,,,,Mon - Sun:  24 Hrs
811,20254809779,Blk 29 New Upper Changi Road,1.324267,103.936926,Green,"Blk 29 New Upper Changi Road, 464029",464029,RUNNING,,,,,,Mon - Sun:  24 Hrs
812,20254809784,"Blk 12, Pine Close",1.308549,103.882240,Green,"Blk 12, Pine Close, 391012",391012,RUNNING,,,,,,Mon - Sun:  24 Hrs
813,20254809790,"Blk 22, Bedok South Avenue 1",1.322814,103.932759,Green,"Blk 22, Bedok South Avenue 1, 460022",460022,RUNNING,,,,,,Mon - Sun:  24 Hrs
814,20254809791,"Blk 63, Chai Chee Road",1.326125,103.921439,Green,"Blk 63, Chai Chee Road, 460063",460063,RUNNING,,,,,,Mon - Sun:  24 Hrs
815,20254809795,"Blk 169, Bedok South Avenue 3",1.320389,103.945078,Green,"Blk 169, Bedok South Avenue 3, 460169",460169,RUNNING,,,,,,Mon - Sun:  24 Hrs
816,20254909819,"Blk 35, Chai Chee Avenue",1.324824,103.925856,Green,"Blk 35, Chai Chee Avenue, 461035",461035,RUNNING,,,,,,Mon - Sun:  24 Hrs
817,20254809800,"Blk 72, Bedok South Avenue 3",1.320463,103.943658,Green,"Blk 72, Bedok South Avenue 3, 460072",460072,RUNNING,,,,,,Mon - Sun:  24 Hrs
818,20254909823,"Blk 99, Old Airport Road",1.308716,103.888567,Green,"Blk 99, Old Airport Road, 390099",390099,RUNNING,,,,,,Mon - Sun:  24 Hrs
819,20254909824,"Blk 58, Dakota Crescent",1.307400,103.889457,Green,"Blk 58, Dakota Crescent, 390058",390058,RUNNING,,,,,,Mon - Sun:  24 Hrs
820,20254408763,"Blk 708, Pasir Ris Drive 10",1.380955,103.938592,Green,"Blk 708, Pasir Ris Drive 10, 510708",510708,RUNNING,,,,,,Mon - Sun:  24 Hrs
821,20254408746,"Blk 626, Pasir Ris Drive 3",1.379828,103.940950,Green,"Blk 626, Pasir Ris Drive 3, 510626",510626,RUNNING,,,,,,Mon - Sun:  24 Hrs
822,20254408774,"Blk 473, Pasir Ris Drive 6",1.374509,103.957351,Green,"Blk 473, Pasir Ris Drive 6, 510473",510473,RUNNING,,,,,,Mon - Sun:  24 Hrs
823,20254408777,"Blk 643, Pasir Ris Drive 10",1.377722,103.938100,Green,"Blk 643, Pasir Ris Drive 10, 510643",510643,RUNNING,,,,,,Mon - Sun:  24 Hrs
824,20254408776,"Blk 701, Pasir Ris Drive 10",1.379991,103.937891,Green,"Blk 701, Pasir Ris Drive 10, 510701",510701,RUNNING,,,,,,Mon - Sun:  24 Hrs
825,20254408775,"Blk 717, Pasir Ris Street 72",1.382775,103.936540,Green,"Blk 717, Pasir Ris Street 72, 510717",510717,RUNNING,,,,,,Mon - Sun:  24 Hrs
826,20254408778,"Blk 638, Pasir Ris Drive 1",1.376289,103.940948,Green,"Blk 638, Pasir Ris Drive 1, 510638",510638,RUNNING,,,,,,Mon - Sun:  24 Hrs
827,20254408779,"Blk 641, Pasir Ris Drive 1",1.376464,103.939561,Green,"Blk 641, Pasir Ris Drive 1, 510641",510641,RUNNING,,,,,,Mon - Sun:  24 Hrs
828,20254408786,"Blk 516, Pasir Ris Street 52",1.374103,103.943086,Green,"Blk 516, Pasir Ris Street 52, 510516",510516,RUNNING,,,,,,Mon - Sun:  24 Hrs
829,20254408785,"Blk 520, Pasir Ris Street 52",1.373485,103.944809,Green,"Blk 520, Pasir Ris Street 52, 510520",510520,RUNNING,,,,,,Mon - Sun:  24 Hrs
830,20254408780,"Blk 602, Elias Road",1.377398,103.943991,Green,"Blk 602, Elias Road, 510602",510602,RUNNING,,,,,,Mon - Sun:  24 Hrs
831,20254408782,"Blk 159,Tampines Street 12",1.351234,103.946566,Green,"Blk 159,Tampines Street 12, 521159",521159,RUNNING,,,,,,Mon - Sun:  24 Hrs
832,20254408781,"Blk 585, Pasir Ris Street 53",1.375379,103.947415,Green,"Blk 585, Pasir Ris Street 53, 510585",510585,RUNNING,,,,,,Mon - Sun:  24 Hrs
833,20254408784,"Blk 534, Pasir Ris Drive 1",1.370436,103.950653,Green,"Blk 534, Pasir Ris Drive 1, 510534",510534,RUNNING,,,,,,Mon - Sun:  24 Hrs
834,20254508878,"Blk 408, Pasir Ris Drive 6",1.373352,103.953407,Green,"Blk 408, Pasir Ris Drive 6, 510408",510408,RUNNING,,,,,,Mon - Sun:  24 Hrs
835,20254508877,"Blk 423, Pasir Ris Drive 6",1.370134,103.954623,Green,"Blk 423, Pasir Ris Drive 6, 510423",510423,RUNNING,,,,,,Mon - Sun:  24 Hrs
836,20254508881,"Blk 725, Pasir Ris Street 72",1.381415,103.935717,Green,"Blk 725, Pasir Ris Street 72, 510725",510725,RUNNING,,,,,,Mon - Sun:  24 Hrs
837,20254508880,"Blk 429, Pasir Ris Drive 6",1.370086,103.956706,Green,"Blk 429, Pasir Ris Drive 6, 510429",510429,RUNNING,,,,,,Mon - Sun:  24 Hrs
838,20254508883,"Blk 458, Pasir Ris Drive 4",1.371461,103.959558,Green,"Blk 458, Pasir Ris Drive 4, 510458",510458,RUNNING,,,,,,Mon - Sun:  24 Hrs
839,20254508884,"Blk 257, Pasir Ris Street 21",1.367146,103.963699,Green,"Blk 257, Pasir Ris Street 21, 510257",510257,RUNNING,,,,,,Mon - Sun:  24 Hrs
840,20254508886,"Blk 232, Pasir Ris Drive 4",1.374647,103.961678,Green,"Blk 232, Pasir Ris Drive 4, 510232",510232,RUNNING,,,,,,Mon - Sun:  24 Hrs
841,20254508885,"Blk 479, Pasir Ris Drive 4",1.375174,103.959131,Green,"Blk 479, Pasir Ris Drive 4, 510479",510479,FULL,,,,,,Mon - Sun:  24 Hrs
842,20254508887,"Blk 225, Pasir Ris Street 21",1.371205,103.961206,Green,"Blk 225, Pasir Ris Street 21, 510225",510225,RUNNING,,,,,,Mon - Sun:  24 Hrs
843,20254508888,"Blk 756, Pasir Ris Street 71",1.377878,103.933500,Green,"Blk 756, Pasir Ris Street 71, 510756",510756,RUNNING,,,,,,Mon - Sun:  24 Hrs
844,20254508890,"Blk 275, Pasir Ris Street 21",1.364302,103.964734,Green,"Blk 275, Pasir Ris Street 21, 510275",510275,RUNNING,,,,,,Mon - Sun:  24 Hrs
845,20254508889,"Blk 209, Pasir Ris Street 21",1.366227,103.961897,Green,"Blk 209, Pasir Ris Street 21, 510209",510209,RUNNING,,,,,,Mon - Sun:  24 Hrs
846,20254508891,"Blk 160, Pasir Ris Street 13",1.364086,103.962532,Green,"Blk 160, Pasir Ris Street 13, 510160",510160,RUNNING,,,,,,Mon - Sun:  24 Hrs
847,20254508907,"Blk 496D,Tampines Avenue 9",1.361588,103.950069,Green,"Blk 496D,Tampines Avenue 9, 520496",520496,RUNNING,,,,,,Mon - Sun:  24 Hrs
848,20254508994,"Blk 148, Pasir Ris Street 13",1.362083,103.962021,Green,"Blk 148, Pasir Ris Street 13, 510148",510148,RUNNING,,,,,,Mon - Sun:  24 Hrs
849,20254508995,"Blk 298, Tampines Street 22",1.351725,103.954740,Green,"Blk 298, Tampines Street 22, 520298",520298,RUNNING,,,,,,Mon - Sun:  24 Hrs
850,20254508996,"Blk 187, Pasir Ris Street 11",1.364642,103.959424,Green,"Blk 187, Pasir Ris Street 11, 510187",510187,RUNNING,,,,,,Mon - Sun:  24 Hrs
851,20254508997,"Blk 555, Pasir Ris Street 51",1.368100,103.951947,Green,"Blk 555, Pasir Ris Street 51, 510555",510555,RUNNING,,,,,,Mon - Sun:  24 Hrs
852,20254509000,"Blk 120, Pasir Ris Street 11",1.367294,103.954306,Green,"Blk 120, Pasir Ris Street 11, 510120",510120,RUNNING,,,,,,Mon - Sun:  24 Hrs
853,20254508999,"Blk 132, Pasir Ris Street 11",1.366157,103.956082,Green,"Blk 132, Pasir Ris Street 11, 510132",510132,RUNNING,,,,,,Mon - Sun:  24 Hrs
854,20254509001,"Blk 283, Tampines Street 22",1.348414,103.952711,Green,"Blk 283, Tampines Street 22, 520283",520283,RUNNING,,,,,,Mon - Sun:  24 Hrs
855,20254509003,"Blk 564, Pasir Ris Street 51",1.368401,103.949848,Green,"Blk 564, Pasir Ris Street 51, 510564",510564,RUNNING,,,,,,Mon - Sun:  24 Hrs
856,20254509002,"Blk 560, Pasir Ris Street 51",1.366733,103.950438,Green,"Blk 560, Pasir Ris Street 51, 510560",510560,RUNNING,,,,,,Mon - Sun:  24 Hrs
857,20254508998,"Blk 105, Pasir Ris Street 12",1.368540,103.957228,Green,"Blk 105, Pasir Ris Street 12, 510105",510105,RUNNING,,,,,,Mon - Sun:  24 Hrs
858,20254509004,"Blk 345, Tampines Street 33",1.351830,103.962289,Green,"Blk 345, Tampines Street 33, 520345",520345,RUNNING,,,,,,Mon - Sun:  24 Hrs
859,20254509005,"Blk 526A, Pasir Ris Street 51",1.367526,103.947319,Green,"Blk 526A, Pasir Ris Street 51, 511526",511526,RUNNING,,,,,,Mon - Sun:  24 Hrs
860,20254509006,"Blk 191, Pasir Ris Street 12",1.365943,103.958702,Green,"Blk 191, Pasir Ris Street 12, 510191",510191,RUNNING,,,,,,Mon - Sun:  24 Hrs
861,20254509007,"Blk 108, Tampines Street 11",1.347877,103.948573,Green,"Blk 108, Tampines Street 11, 521108",521108,RUNNING,,,,,,Mon - Sun:  24 Hrs
862,20254609012,"Blk 289, Tampines Street 22",1.349608,103.955359,Green,"Blk 289, Tampines Street 22, 520289",520289,RUNNING,,,,,,Mon - Sun:  24 Hrs
864,20254509016,"Blk 323, Tampines Street 33",1.351801,103.958282,Green,"Blk 323, Tampines Street 33, 520323",520323,RUNNING,,,,,,Mon - Sun:  24 Hrs
865,20254609015,"Blk 165,Tampines Street 12",1.349292,103.946122,Green,"Blk 165,Tampines Street 12, 521165",521165,RUNNING,,,,,,Mon - Sun:  24 Hrs
866,20254609018,"Blk 761, Pasir Ris Street 71",1.376560,103.933397,Green,"Blk 761, Pasir Ris Street 71, 510761",510761,RUNNING,,,,,,Mon - Sun:  24 Hrs
867,20254609020,"Blk 141, Pasir Ris Street 11",1.364175,103.958933,Green,"Blk 141, Pasir Ris Street 11, 510141",510141,RUNNING,,,,,,Mon - Sun:  24 Hrs
868,20254609022,"Blk 524A, Pasir Ris Street 51",1.371383,103.947668,Green,"Blk 524A, Pasir Ris Street 51, 511524",511524,RUNNING,,,,,,Mon - Sun:  24 Hrs
869,20254609017,"Blk 103, Tampines Street 11",1.347656,103.946448,Green,"Blk 103, Tampines Street 11, 520103",520103,RUNNING,,,,,,Mon - Sun:  24 Hrs
870,20254609019,"Blk 303, Tampines Street 32",1.351973,103.955855,Green,"Blk 303, Tampines Street 32, 520303",520303,RUNNING,,,,,,
871,20254609021,"Blk 782, Pasir Ris Street 71",1.373377,103.938893,Green,"Blk 782, Pasir Ris Street 71, 510782",510782,RUNNING,,,,,,Mon - Sun:  24 Hrs
872,20254609023,"Blk 207, Tampines Street 21",1.351321,103.952108,Green,"Blk 207, Tampines Street 21, 520207",520207,RUNNING,,,,,,Mon - Sun:  24 Hrs
873,20254609024,"Blk 765, Bedok Reservoir View",1.336001,103.935669,Green,"Blk 765, Bedok Reservoir View, 470765",470765,RUNNING,,,,,,Mon - Sun:  24 Hrs
874,20254609067,"Blk 490B, Tampines Street 45",1.362560,103.956210,Green,"Blk 490B, Tampines Street 45, 521490",521490,RUNNING,,,,,,Mon - Sun:  24 Hrs
875,20254609068,"Blk 449,Tampines Street 42",1.357065,103.951055,Green,"Blk 449,Tampines Street 42, 520449",520449,RUNNING,,,,,,Mon - Sun:  24 Hrs
876,20254609066,"Blk 770, Bedok Reservoir View",1.336041,103.938327,Green,"Blk 770, Bedok Reservoir View, 470770",470770,RUNNING,,,,,,Mon - Sun:  24 Hrs
877,20254609069,"Blk 78, Bedok North Road",1.327268,103.940910,Green,"Blk 78, Bedok North Road, 460078",460078,RUNNING,,,,,,Mon - Sun:  24 Hrs
878,20254609071,"Blk 124, Simei Street 1",1.346276,103.953278,Green,"Blk 124, Simei Street 1, 520124",520124,RUNNING,,,,,,Mon - Sun:  24 Hrs
879,20254609072,"Blk 498A, Tampines Street 45",1.361540,103.958161,Green,"Blk 498A, Tampines Street 45, 520498",520498,RUNNING,,,,,,Mon - Sun:  24 Hrs
880,20254609073,"Blk 130, Bedok North Street 2",1.327106,103.936654,Green,"Blk 130, Bedok North Street 2, 460130",460130,RUNNING,,,,,,Mon - Sun:  24 Hrs
881,20254609074,"Blk 135, Simei Street 1",1.347932,103.957136,Green,"Blk 135, Simei Street 1, 520135",520135,FULL,,,,,,Mon - Sun:  24 Hrs
882,20254609075,"Blk 229, Tampines Street 23",1.355900,103.953963,Green,"Blk 229, Tampines Street 23, 521229",521229,RUNNING,,,,,,Mon - Sun:  24 Hrs
883,20254609078,"Blk 240, Tampines Street 21",1.355006,103.947127,Green,"Blk 240, Tampines Street 21, 520240",520240,RUNNING,,,,,,Mon - Sun:  24 Hrs
884,20254609086,"Blk 421, Bedok North Road",1.328365,103.929006,Green,"Blk 421, Bedok North Road, 460421",460421,RUNNING,,,,,,Mon - Sun:  24 Hrs
885,20254609079,"Blk 216, Tampines Street 23",1.354056,103.952876,Green,"Blk 216, Tampines Street 23, 520216",520216,RUNNING,,,,,,Mon - Sun:  24 Hrs
886,20254609088,"Blk 201, Bedok North Street 1",1.326058,103.928398,Green,"Blk 201, Bedok North Street 1, 460201",460201,RUNNING,,,,,,Mon - Sun:  24 Hrs
887,20254609089,"Blk 807A, Chai Chee Road",1.327156,103.923175,Green,"Blk 807A, Chai Chee Road, 461807",461807,RUNNING,,,,,,Mon - Sun:  24 Hrs
888,20254609070,"Blk 409, Bedok North Avenue 2",1.328111,103.932917,Green,"Blk 409, Bedok North Avenue 2, 460409",460409,RUNNING,,,,,,Mon - Sun:  24 Hrs
889,20254609095,"Blk 94B, Bedok North Avenue 4",1.334020,103.942895,Green,"Blk 94B, Bedok North Avenue 4, 461094",461094,RUNNING,,,,,,Mon - Sun:  24 Hrs
890,20254609094,"Blk 633,Tampines North Drive 2",1.365502,103.941664,Green,"Blk 633,Tampines North Drive 2, 520633",520633,RUNNING,,,,,,Mon - Sun:  07:00 AM - 11:00 PM
891,20254508892,"Blk 747, Pasir Ris Street 71",1.379182,103.934695,Green,"Blk 747, Pasir Ris Street 71, 510747",510747,RUNNING,,,,,,Mon - Sun:  24 Hrs
892,20254609093,"Blk 230D, Tampines Street 24",1.356113,103.951516,Green,"Blk 230D, Tampines Street 24, 527230",527230,RUNNING,,,,,,Mon - Sun:  24 Hrs
893,20254609096,"Blk 610C,Tampines North Drive 1",1.364489,103.935430,Green,"Blk 610C,Tampines North Drive 1, 523610",523610,RUNNING,,,,,,Mon - Sun:  24 Hrs
894,20254508893,"Blk 501, Pasir Ris Street 52",1.376228,103.945964,Green,"Blk 501, Pasir Ris Street 52, 510501",510501,RUNNING,,,,,,Mon - Sun:  24 Hrs
895,20254609097,"Blk 862,Tampines Street 83",1.354664,103.936469,Green,"Blk 862,Tampines Street 83, 520862",520862,RUNNING,,,,,,Mon - Sun:  24 Hrs
896,20254609098,"Blk 641B,Tampines Street 62",1.367461,103.943686,Green,"Blk 641B,Tampines Street 62, 522641",522641,RUNNING,,,,,,Mon - Sun:  24 Hrs
897,20254609099,"Blk 662C,Tampines Street 64",1.369674,103.933825,Green,"Blk 662C,Tampines Street 64, 523662",523662,RUNNING,,,,,,Mon - Sun:  24 Hrs
898,20254508894,"Blk 497A, Tampines Street 45",1.359312,103.958616,Green,"Blk 497A, Tampines Street 45, 520497",520497,RUNNING,,,,,,Mon - Sun:  24 Hrs
899,20254609100,"Blk 721,Tampines Street 71",1.360078,103.936343,Green,"Blk 721,Tampines Street 71, 520721",520721,RUNNING,,,,,,Mon - Sun:  24 Hrs
900,20254508896,"Blk 419, Pasir Ris Drive 6",1.371633,103.954625,Green,"Blk 419, Pasir Ris Drive 6, 510419",510419,RUNNING,,,,,,Mon - Sun:  24 Hrs
901,20254508898,Blk 742 Pasir Ris Street 71,1.377087,103.936056,Green,"Blk 742 Pasir Ris Street 71, 510742",510742,RUNNING,,,,,,Mon - Sun:  24 Hrs
902,20254508897,"Blk 771, Pasir Ris Street 71",1.375610,103.936483,Green,"Blk 771, Pasir Ris Street 71, 510771",510771,RUNNING,,,,,,Mon - Sun:  24 Hrs
903,20254609101,"Blk 876C,Tampines Avenue 8",1.353337,103.930071,Green,"Blk 876C,Tampines Avenue 8, 523876",523876,RUNNING,,,,,,Mon - Sun:  24 Hrs
904,20254508899,"Blk 481, Pasir Ris Drive 4",1.374080,103.958775,Green,"Blk 481, Pasir Ris Drive 4, 510481",510481,RUNNING,,,,,,Mon - Sun:  24 Hrs
905,20254609102,"Blk 660,Tampines Street 64",1.367721,103.933898,Green,"Blk 660,Tampines Street 64, 520660",520660,ERROR,,,,,,Mon - Sun:  24 Hrs
906,20254609104,"Blk 871C,Tampines Street 86",1.356827,103.931452,Green,"Blk 871C,Tampines Street 86, 523871",523871,RUNNING,,,,,,Mon - Sun:  24 Hrs
907,20254609103,"Blk 631B,Tampines North Drive 2",1.362952,103.942545,Green,"Blk 631B,Tampines North Drive 2, 522631",522631,RUNNING,,,,,,Mon - Sun:  24 Hrs
908,20254609107,"Blk 117, Bedok North Road",1.330649,103.938520,Green,"Blk 117, Bedok North Road, 460117",460117,RUNNING,,,,,,Mon - Sun:  24 Hrs
909,20254609106,"Blk 603A,Tampines Avenue 9",1.360939,103.935292,Green,"Blk 603A,Tampines Avenue 9, 521603",521603,RUNNING,,,,,,Mon - Sun:  24 Hrs
910,20254609108,"Blk 635B,Tampines North Drive 2",1.366929,103.939810,Green,"Blk 635B,Tampines North Drive 2, 522635",522635,RUNNING,,,,,,Mon - Sun:  24 Hrs
911,20254609109,"Blk 406, Bedok North Avenue 3",1.328199,103.934460,Green,"Blk 406, Bedok North Avenue 3, 460406",460406,RUNNING,,,,,,Mon - Sun:  24 Hrs
912,20254609111,"Blk 814,Tampines Street 81",1.347290,103.936654,Green,"Blk 814,Tampines Street 81, 520814",520814,RUNNING,,,,,,Mon - Sun:  24 Hrs
913,20254609105,"Blk 648A,Tampines Street 62",1.368227,103.940938,Green,"Blk 648A,Tampines Street 62, 521648",521648,RUNNING,,,,,,Mon - Sun:  24 Hrs
914,20254609113,"Blk 899,Tampines Street 81",1.346544,103.935476,Green,"Blk 899,Tampines Street 81, 520899",520899,RUNNING,,,,,,Mon - Sun:  24 Hrs
915,20254508901,"Blk 706,Tampines Street 71",1.357618,103.937571,Green,"Blk 706,Tampines Street 71, 520706",520706,FULL,,,,,,Mon - Sun:  24 Hrs
916,20254609233,"Blk 806,Tampines Avenue 4",1.345486,103.937151,Green,"Blk 806,Tampines Avenue 4, 520806",520806,RUNNING,,,,,,Mon - Sun:  24 Hrs
917,20254609234,"Blk 926,Tampines Street 91",1.345875,103.940637,Green,"Blk 926,Tampines Street 91, 520926",520926,RUNNING,,,,,,Mon - Sun:  24 Hrs
918,20254508900,"Blk 461,Tampines Street 44",1.358879,103.954327,Green,"Blk 461,Tampines Street 44, 520461",520461,RUNNING,,,,,,Mon - Sun:  24 Hrs
919,20254609235,"Blk 145,Tampines Street 12",1.348792,103.943737,Green,"Blk 145,Tampines Street 12, 521145",521145,RUNNING,,,,,,Mon - Sun:  24 Hrs
920,20254508903,"Blk 734,Tampines Street 71",1.358202,103.934357,Green,"Blk 734,Tampines Street 71, 520734",520734,RUNNING,,,,,,Mon - Sun:  24 Hrs
921,20254609237,"Blk 638A,Tampines Street 62",1.364090,103.944886,Green,"Blk 638A,Tampines Street 62, 521638",521638,RUNNING,,,,,,Mon - Sun:  24 Hrs
922,20254508902,Blk 740 Tampines Street 72,1.359419,103.932915,Green,"Blk 740,Tampines Street 72, 520740",520740,FULL,,,,,,
923,20254609239,"Blk 762, Bedok Reservoir View",1.336322,103.934451,Green,"Blk 762, Bedok Reservoir View, 470762",470762,RUNNING,,,,,,Mon - Sun:  24 Hrs
924,20254609241,"Blk 491D,Tampines Street 45",1.362507,103.954789,Green,"Blk 491D,Tampines Street 45, 523491",523491,RUNNING,,,,,,Mon - Sun:  24 Hrs
925,20254609238,"Blk 249, Tampines Street 21",1.351822,103.948692,Green,"Blk 249, Tampines Street 21, 520249",520249,RUNNING,,,,,,Mon - Sun:  24 Hrs
926,20254609240,"Blk 53, Chai Chee Street",1.328486,103.919882,Green,"Blk 53, Chai Chee Street, 460053",460053,RUNNING,,,,,,Mon - Sun:  24 Hrs
927,20254609242,"Blk 854,Tampines Street 82",1.353032,103.936578,Green,"Blk 854,Tampines Street 82, 520854",520854,RUNNING,,,,,,Mon - Sun:  24 Hrs
928,20254609243,"Blk 808C, Chai Chee Road",1.327861,103.924032,Green,"Blk 808C, Chai Chee Road, 463808",463808,RUNNING,,,,,,Mon - Sun:  24 Hrs
929,20254609244,"Blk 2, Chai Chee Road",1.326990,103.922500,Green,"Blk 2, Chai Chee Road, 461002",461002,RUNNING,,,,,,Mon - Sun:  24 Hrs
930,20254709293,"Blk 495D,Tampines Street 43",1.363704,103.952020,Green,"Blk 495D,Tampines Street 43, 523495",523495,RUNNING,,,,,,Mon - Sun:  24 Hrs
931,20254709294,"Blk 80, Bedok North Road",1.328487,103.940604,Green,"Blk 80, Bedok North Road, 460080",460080,RUNNING,,,,,,Mon - Sun:  24 Hrs
932,20254709295,"Blk 183, Bedok North Road",1.326441,103.941858,Green,"Blk 183, Bedok North Road, 460183",460183,RUNNING,,,,,,Mon - Sun:  24 Hrs
933,20254709296,"Blk 264, Tampines Street 21",1.352870,103.951133,Green,"Blk 264, Tampines Street 21, 520264",520264,RUNNING,,,,,,Mon - Sun:  24 Hrs
934,20254709297,"Blk 451, Tampines Street 42",1.356572,103.954107,Green,"Blk 451, Tampines Street 42, 520451",520451,FULL,,,,,,Mon - Sun:  24 Hrs
935,20254709299,"Blk 233, Tampines Street 21",1.356372,103.947943,Green,"Blk 233, Tampines Street 21, 521233",521233,RUNNING,,,,,,Mon - Sun:  24 Hrs
936,20254709298,"Blk 137, Bedok North Avenue 3",1.328826,103.935542,Green,"Blk 137, Bedok North Avenue 3, 460137",460137,RUNNING,,,,,,Mon - Sun:  24 Hrs
937,20254709300,"Blk 384, Tampines Street 32",1.354013,103.957941,Green,"Blk 384, Tampines Street 32, 520384",520384,RUNNING,,,,,,Mon - Sun:  24 Hrs
938,20254709301,"Blk 125, Tampines Street 11",1.346197,103.949922,Green,"Blk 125, Tampines Street 11, 521125",521125,RUNNING,,,,,,Mon - Sun:  24 Hrs
939,20254709303,"Blk 403, Bedok North Avenue 3",1.329796,103.933840,Green,"Blk 403, Bedok North Avenue 3, 460403",460403,RUNNING,,,,,,Mon - Sun:  24 Hrs
940,20254709302,"Blk 44, Chai Chee Street",1.329039,103.925592,Green,"Blk 44, Chai Chee Street, 461044",461044,RUNNING,,,,,,Mon - Sun:  24 Hrs
941,20254709305,"Blk 43, Chai Chee Street",1.328368,103.925546,Green,"Blk 43, Chai Chee Street, 461043",461043,RUNNING,,,,,,Mon - Sun:  24 Hrs
942,20254709307,"Blk 932,Tampines Street 91",1.345588,103.939455,Green,"Blk 932,Tampines Street 91, 520932",520932,RUNNING,,,,,,Mon - Sun:  24 Hrs
943,20254709306,"Blk 50, Chai Chee Street",1.329382,103.922450,Green,"Blk 50, Chai Chee Street, 461050",461050,RUNNING,,,,,,Mon - Sun:  24 Hrs
944,20254709338,"Blk 352, Tampines Street 33",1.354201,103.962373,Green,"Blk 352, Tampines Street 33, 520352",520352,RUNNING,,,,,,Mon - Sun:  24 Hrs
945,20254709339,"Blk 366, Tampines Street 34",1.357786,103.961394,Green,"Blk 366, Tampines Street 34, 520366",520366,RUNNING,,,,,,Mon - Sun:  24 Hrs
946,20254709340,"Blk 259, Tampines Street 21",1.355056,103.949949,Green,"Blk 259, Tampines Street 21, 520259",520259,RUNNING,,,,,,Mon - Sun:  24 Hrs
947,20254709342,"Blk 391, Tampines Avenue 7",1.355691,103.957849,Green,"Blk 391, Tampines Avenue 7, 520391",520391,RUNNING,,,,,,Mon - Sun:  24 Hrs
948,20254709341,"Blk 492G,Tampines Street 45",1.364252,103.955132,Green,"Blk 492G,Tampines Street 45, 527492",527492,FULL,,,,,,Mon - Sun:  24 Hrs
954,20254709352,"Blk 99, Bedok North Avenue 4",1.333875,103.939479,Green,"Blk 99, Bedok North Avenue 4, 460099",460099,RUNNING,,,,,,Mon - Sun:  24 Hrs
955,20254709483,"Blk 42, Bedok South Road",1.321531,103.940706,Green,"Blk 42, Bedok South Road, 460042",460042,RUNNING,,,,,,Mon - Sun:  24 Hrs
958,20254709519,"Blk 108, Simei Street 1",1.343036,103.951029,Green,"Blk 108, Simei Street 1, 520108",520108,RUNNING,,,,,,Mon - Sun:  24 Hrs
959,20254709520,"Blk 107, Bedok North Road",1.332383,103.936287,Green,"Blk 107, Bedok North Road, 460107",460107,RUNNING,,,,,,Mon - Sun:  24 Hrs
960,20254709523,"Blk 226, Simei Street 4",1.342618,103.956982,Green,"Blk 266, Simei Street 4, 520226",520226,RUNNING,,,,,,Mon - Sun:  24 Hrs
961,20254709527,"Blk 125, Bedok North Road",1.328855,103.939126,Green,"Blk 125, Bedok North Road, 460125",460125,RUNNING,,,,,,Mon - Sun:  24 Hrs
962,20254709526,"Blk 233, Simei Street 4",1.344079,103.956334,Green,"Blk 233, Simei Street 4, 520233",520233,RUNNING,,,,,,Mon - Sun:  24 Hrs
963,20254508904,"Blk 626A,Tampines Street 61",1.362522,103.939654,Green,"Blk 626A,Tampines Street 61, 521626",521626,FULL,,,,,,Mon - Sun:  24 Hrs
964,20254709487,"Blk 134, Simei Street 1",1.348082,103.955612,Green,"Blk 134, Simei Street 1, 520134",520134,FULL,,,,,,Mon - Sun:  24 Hrs
965,20254709533,"Blk 167, Simei Lane",1.343125,103.958481,Green,"Blk 167, Simei Lane, 520167",520167,RUNNING,,,,,,Mon - Sun:  24 Hrs
966,20254709536,"Blk 142, Simei Street 2",1.345464,103.955191,Green,"Blk 142, Simei Street 2, 520142",520142,RUNNING,,,,,,Mon - Sun:  24 Hrs
967,20254709537,"Blk 419, Bedok North Street 1",1.327134,103.927932,Green,"Blk 419, Bedok North Street 1, 460419",460419,RUNNING,,,,,,Mon - Sun:  24 Hrs
968,20254709538,"Blk 150, Simei Street 1",1.346218,103.957117,Green,"Blk 150, Simei Street 1, 520150",520150,RUNNING,,,,,,Mon - Sun:  24 Hrs
969,20254508906,"Blk 622B,Tampines Avenue 12",1.360887,103.941196,Green,"Blk 622B,Tampines Avenue 12, 522622",522622,RUNNING,,,,,,Mon - Sun:  24 Hrs
970,20254709543,"Blk 188A, Bedok North Street 4",1.331633,103.941449,Green,"Blk 188A, Bedok North Street 4, 461188",461188,RUNNING,,,,,,Mon - Sun:  24 Hrs
971,20254508908,"Blk 842D,Tampines Street 82",1.350629,103.937617,Green,"Blk 842D,Tampines Street 82, 524842",524842,FULL,,,,,,Mon - Sun:  24 Hrs
972,20254809581,"Blk 272, Tampines Street 22",1.349097,103.950173,Green,"Blk 272, Tampines Street 22, 520272",520272,FULL,,,,,,Mon - Sun:  24 Hrs
975,20254508905,"Blk 37, Bedok South Avenue 2",1.321972,103.939977,Green,"Blk 37, Bedok South Avenue 2, 460037",460037,FULL,,,,,,Mon - Sun:  24 Hrs
978,20254809786,"Blk 96, Bedok North Avenue 4",1.333224,103.940338,Green,"Blk 96, Bedok North Avenue 4, 460096",460096,RUNNING,,,,,,Mon - Sun:  24 Hrs
979,20254809787,"Blk 155, Simei Road",1.344761,103.958488,Green,"Blk 155, Simei Road, 520155",520155,RUNNING,,,,,,Mon - Sun:  24 Hrs
980,20254809788,"Blk 425, Bedok North Road",1.329394,103.929018,Green,"Blk 425, Bedok North Road, 460425",460425,RUNNING,,,,,,Mon - Sun:  24 Hrs
981,20254809793,"Blk 52, New Upper Changi Road",1.323861,103.942193,Green,"Blk 52, New Upper Changi Road, 461052",461052,RUNNING,,,,,,Mon - Sun:  24 Hrs
985,20254508912,"Blk 82, Bedok North Road",1.329501,103.940464,Green,"Blk 82, Bedok North Road, 460082",460082,RUNNING,,,,,,Mon - Sun:  24 Hrs
986,20254508913,"Blk 894A,Tampines Street 81",1.348121,103.931849,Green,"Blk 894A,Tampines Street 81, 521894",521894,MAINTENANCE,,,,,,Mon - Sun:  24 Hrs
987,20254508914,"Blk 832,Tampines Street 82",1.350119,103.935326,Green,"Blk 832,Tampines Street 82, 520832",520832,FULL,,,,,,Mon - Sun:  24 Hrs
988,20254909825,"Blk 52, Cassia Crescent",1.310615,103.885297,Green,"Blk 52, Cassia Crescent, 390052",390052,RUNNING,,,,,,Mon - Sun:  24 Hrs
989,20254909830,"Blk 56, Cassia Crescent",1.310293,103.883278,Green,"Blk 56, Cassia Crescent, 391056",391056,RUNNING,,,,,,Mon - Sun:  24 Hrs
990,20254909828,"Blk 38C, Eunos Road 2",1.320179,103.900454,Green,"Blk 38C, Eunos Road 2, 403038",403038,RUNNING,,,,,,Mon - Sun:  24 Hrs
991,20254909827,"Blk 109, Aljunied Crescent",1.319491,103.884448,Green,"Blk 109, Aljunied Crescent, 380109",380109,RUNNING,,,,,,Mon - Sun:  24 Hrs
992,20254508915,"Blk 60, Marine Drive",1.303423,103.908588,Green,"Blk 60, Marine Drive, 440060",440060,RUNNING,,,,,,
993,20254909829,"Blk 133, Geylang East Avenue 1",1.316463,103.885466,Green,"Blk 133, Geylang East Avenue 1, 380133",380133,RUNNING,,,,,,Mon - Sun:  24 Hrs
994,20254609090,"Blk 113, Simei Street 1",1.342808,103.949861,Green,"Blk 113, Simei Street 1, 520113",520113,RUNNING,,,,,,Mon - Sun:  24 Hrs
995,20254809777,"Blk 106, Simei Street 1",1.341931,103.950881,Green,"Blk 106, Simei Street 1, 520106",520106,RUNNING,,,,,,Mon - Sun:  24 Hrs
1015,B5481049,One Punggol Hawker Centre,1.408404,103.905441,Blue,"1 Punggol Drive, 828629",828629,RUNNING,,,,,,Mon - Sun:  24 Hrs
1016,B9481021,SHENG SIONG BLK 31A MARGARET DRIVE ,1.298500,103.803900,Blue,"BLK 31A MARGARET DRIVE #01-03, 142031",142031,RUNNING,,,,,,Mon - Sun:  24 Hrs
1017,B9481007,SHENG SIONG BLK 88 TANGLIN HALT ROAD  ,1.301400,103.798300,Blue,"BLK 88 TANGLIN HALT ROAD  #01-10, 141088",141088,RUNNING,,,,,,Mon - Sun:  24 Hrs
1018,B9481014,SHENG SIONG BLK 301 PUNGGOL CENTRAL ,1.403700,103.906100,Blue,"BLK 301 PUNGGOL CENTRAL #01-01, 820301",820301,RUNNING,,,,,,Mon - Sun:  24 Hrs
1019,B9481017,"SHENG SIONG 377 HOUGANG STREET 32,  HOUGANG RIVERCOURT",1.363000,103.895200,Blue,"377 HOUGANG STREET 32 #B1-01 HOUGANG RIVERCOURT, 530377",530377,RUNNING,,,,,,Mon - Sun:  07:00 AM - 11:00 PM
1020,B9481016,SHENG SIONG BLK 351 ANCHORVALE ROAD ,1.393200,103.887100,Blue,"BLK 351 ANCHORVALE ROAD #01-05, 540351",540351,RUNNING,,,,,,Mon - Sun:  24 Hrs
1021,B9481033,SHENG SIONG BLK 218 SUMANG WALK ,1.403300,103.895000,Blue,"BLK 218 SUMANG WALK #01-01, 820218",820218,RUNNING,,,,,,Mon - Sun:  24 Hrs
1022,B5052547,Block 402 Northshore Drive,1.414550,103.900248,Blue,"402 Northshore drive, 820402",820402,RUNNING,,,,,,Mon - Sun:  24 Hrs
1023,B5481162,Block 272 Punggol Walk,1.402870,103.900763,Blue,"Block 272 Punggol Walk, 820272",820272,RUNNING,,,,,,Mon - Sun:  24 Hrs
1024,B5481011,Block 109 Ang Mo Kio Avenue 4,1.370236,103.837761,Blue,"109 Ang Mo Kio Ave 4, 560109",560109,RUNNING,,,,,,Mon - Sun:  24 Hrs
1025,B5481057,Block 610 Ang Mo Kio Avenue 4,1.379568,103.839405,Blue,"610 Ang Mo Kio Ave 4, 560610",560610,RUNNING,,,,,,Mon - Sun:  24 Hrs
1026,B5481088,Block 651B Ang Mo Kio Avenue 9,1.383633,103.842165,Blue,"651B Ang Mo Kio Ave 9, 562651",562651,RUNNING,,,,,,Mon - Sun:  24 Hrs
1027,B5481105,Block 170 Ang Mo Kio Avenue 4,1.373943,103.837007,Blue,"170 Ang Mo Kio Ave 4, 560170",560170,RUNNING,,,,,,Mon - Sun:  24 Hrs
1028,B5052371,Block 319A Anchorvale Drive,1.390687,103.889898,Blue,"319A Anchorvale Dr, 541319",541319,RUNNING,,,,,,Mon - Sun:  24 Hrs
1029,B5481008,Block 311D Anchorvale Lane,1.391598,103.884449,Blue,"311D Anchorvale Ln, 544311",544311,RUNNING,,,,,,Mon - Sun:  24 Hrs
1030,B5481039,Block 124C Rivervale Drive,1.388129,103.902805,Blue,"124C Rivervale Dr, 543124",543124,RUNNING,,,,,,Mon - Sun:  24 Hrs
1031,B5052511,Block 225C Compassvale Walk,1.388583,103.898926,Blue,"225C Compassvale Walk, 543225",543225,RUNNING,,,,,,Mon - Sun:  24 Hrs
1032,B5481164,Block 461A Sengkang West Way,1.394606,103.870690,Blue,"461A Sengkang West Way, 791461",791461,RUNNING,,,,,,Mon - Sun:  24 Hrs
1033,B5481187,Block 433B Sengkang West Way,1.393831,103.877764,Blue,"433B Sengkang West  Way, 792433",792433,RUNNING,,,,,,Mon - Sun:  24 Hrs
1034,B9481025,Block 452B Sengkang West Way,1.393781,103.874031,Blue,"Block 452B SENGKANG WEST WAY, 792452",792452,RUNNING,,,,,,Mon - Sun:  24 Hrs
1035,B5481019,Block 974 Hougang Street 91,1.377736,103.879352,Blue,"974 Hougang Street 91, 530974",530974,RUNNING,,,,,,Mon - Sun:  24 Hrs
1036,B5481043,Block 658 Hougang Avenue 8,1.373277,103.882850,Blue,"658 Hougang Avenue 8, 530658",530658,RUNNING,,,,,,Mon - Sun:  24 Hrs
1037,B5052502,Block 988A Buangkok Green,1.379507,103.877334,Blue,"988A Buangkok Green, 531988",531988,RUNNING,,,,,,Mon - Sun:  24 Hrs
1038,B5481092,Block 943 Hougang Street 92,1.373845,103.880658,Blue,"943 Hougang St. 92, 530943",530943,RUNNING,,,,,,Mon - Sun:  24 Hrs
1039,B5052554,Block 12 Cantonment Close,1.274482,103.840100,Blue,"12 Cantonment Close, 080012",080012,ERROR,,,,,,Mon - Sun:  24 Hrs
1040,B5052548,Block 20 Telok Blangah Crescent,1.277034,103.821827,Blue,"20 Telok Blangeh Crescent, 090020",090020,RUNNING,,,,,,Mon - Sun:  24 Hrs
1041,B5481148,Block 112 Bukit Purmei,1.274530,103.825900,Blue,"112 Bukit Purmei, 090112",090112,RUNNING,,,,,,Mon - Sun:  24 Hrs
1042,B5481150,Block 37 Jalan Rumah Tinggi,1.289225,103.809171,Blue,"37 Jalan Rumah Tinggi, 150037",150037,RUNNING,,,,,,Mon - Sun:  24 Hrs
1043,B5052508,Block 106 Henderson Crescent,1.289680,103.822300,Blue,"106 Henderson Cres, 150106",150106,RUNNING,,,,,,Mon - Sun:  24 Hrs
1044,B9481035,Block 128 Kim Tian Road,1.281535,103.829100,Blue,"Block 128 Kim Tian Rd, 160128",160128,RUNNING,,,,,,Mon - Sun:  24 Hrs
1045,B5481165,Block 144 Jalan Bukit Merah,1.277371,103.829892,Blue,"144 Jalan Bukit Merah, 160144",160144,RUNNING,,,,,,Mon - Sun:  24 Hrs
1046,B5052478,Block 3 Queen's Road,1.318418,103.808124,Blue,"3 Queen's Rd, 260003",260003,RUNNING,,,,,,Mon - Sun:  24 Hrs
1047,B5052475,Block 131 Ang Mo Kio Avenue 3,1.371082,103.841645,Blue,"131 Ang Mo Kio Ave 3, 560131",560131,RUNNING,,,,,,Mon - Sun:  24 Hrs
1048,B9481026,Block 649 Ang Mo Kio Avenue 5,1.377807,103.843752,Blue,"649 Ang Mo Kio Ave 5, 560649",560649,RUNNING,,,,,,Mon - Sun:  24 Hrs
1049,B5481151,Block 9 Toh Yi Drive,1.338297,103.773589,Blue,"9 Toh Yi drive, 590009",590009,RUNNING,,,,,,Mon - Sun:  24 Hrs
1050,B5481170,Block 12 Farrer Park Road,1.312127,103.851800,Blue,"12 Farrer Park rd, 210012",210012,RUNNING,,,,,,Mon - Sun:  24 Hrs
1051,B5052561,Block 120 McNair Road,1.319359,103.856844,Blue,"120 Mcnair road, 320120",320120,RUNNING,,,,,,Mon - Sun:  24 Hrs
1052,B5052552,Block 102 Jalan Rajah,1.328325,103.851414,Blue,"102 Jln Rajah, 321102",321102,RUNNING,,,,,,Mon - Sun:  24 Hrs
1053,B5481169,Block 13 Dover Close East,1.305429,103.786000,Blue,"Block 13 Dover Cl E, 130013",130013,RUNNING,,,,,,Mon - Sun:  24 Hrs
1054,B5052351,Block 156 Rivervale Crescent,1.391289,103.907379,Blue,"156 Rivervale Cres, 540156",540156,FULL,,,,,,Mon - Sun:  24 Hrs
1055,B5481012,Block 246 Compassvale Road,1.392619,103.899073,Blue,"246 Compassvale Rd, 540246",540246,RUNNING,,,,,,Mon - Sun:  24 Hrs
1056,B5481041,Block 105 Rivervale Walk,1.382197,103.900712,Blue,"105 Rivervale Walk, 540105",540105,ERROR,,,,,,Mon - Sun:  24 Hrs
1057,B5481054,Block 203A Compassvale Road,1.386708,103.895444,Blue,"203A Compassvale Rd, 541203",541203,RUNNING,,,,,,Mon - Sun:  24 Hrs
1058,B5052480,Block 132 Rivervale Street,1.389992,103.903523,Blue,"132 Rivervale St, 540132",540132,RUNNING,,,,,,Mon - Sun:  24 Hrs
1059,B5052514,Block 122E RIVERVALE DRIVE,1.387822,103.905800,Blue,"122E RIVERVALE DRIVE, 545122",545122,RUNNING,,,,,,Mon - Sun:  24 Hrs
1060,B5481119,Block 207D Compassvale Lane,1.384594,103.897402,Blue,"207D Compassvale Ln, 547207",547207,RUNNING,,,,,,Mon - Sun:  24 Hrs
1061,B5481139,Block 291B Compassvale Street,1.396022,103.898359,Blue,"291B Compassvale St, 542291",542291,RUNNING,,,,,,Mon - Sun:  24 Hrs
1062,B5481190,Block 325C Sengkang East Way,1.393298,103.891349,Blue,"325C Sengkang E Wy, 543325",543325,FULL,,,,,,Mon - Sun:  24 Hrs
1063,B9051009,Block 303B Anchorvale Link,1.387531,103.889771,Blue,"303B Anchorvale Link, 542303",542303,RUNNING,,,,,,Mon - Sun:  24 Hrs
1064,B9481004,Block 288B Compassvale Crescent,1.398484,103.897704,Blue,"288B Compassvale Cres, 542288",542288,RUNNING,,,,,,Mon - Sun:  24 Hrs
1065,B9481006,Block 297B Compassvale Street,1.394898,103.901103,Blue,"297B Compassvale St, 542297",542297,RUNNING,,,,,,Mon - Sun:  24 Hrs
1066,B9481029,Block 188D Rivervale Drive,1.395011,103.903837,Blue,"188D Rivervale Dr, 544188",544188,RUNNING,,,,,,Mon - Sun:  24 Hrs
1067,B5481050,Block 624 Hougang Avenue 8,1.370237,103.882281,Blue,"624 Hougang Ave 8, 530624",530624,FULL,,,,,,Mon - Sun:  24 Hrs
1068,B5052482,Block 563 Ang Mo Kio Avenue 3,1.369934,103.858108,Blue,"563 Ang Mo Kio Ave 3, 560563",560563,FULL,,,,,,Mon - Sun:  24 Hrs
1069,B5052484,Block 456 Hougang Avenue 10,1.377178,103.895440,Blue,"456 Hougang Ave 10, 530456",530456,RUNNING,,,,,,Mon - Sun:  24 Hrs
1070,B5052497,Block 337 Ang Mo Kio Avenue 1,1.363225,103.851722,Blue,"337 Ang Mo Kio Ave 1, 560337",560337,FULL,,,,,,Mon - Sun:  24 Hrs
1071,B5052560,Block 406C Fernvale Road,1.388849,103.874627,Blue,"406C Fernvale Rd, 793406",793406,RUNNING,,,,,,Mon - Sun:  24 Hrs
1072,B9051002,Block 463 Ang Mo Kio Avenue 10,1.366958,103.857469,Blue,"463 Ang Mo Kio Ave 10, 560463",560463,RUNNING,,,,,,Mon - Sun:  24 Hrs
1073,B9481009,Block 634 Hougang Avenue 8,1.370056,103.878424,Blue,"634 Hougang Ave 8, 530634",530634,RUNNING,,,,,,Mon - Sun:  24 Hrs
1074,B5481035,Block 911 Hougang Street 91,1.378881,103.883751,Blue,"911 Hougang Street 91, 530911",530911,RUNNING,,,,,,Mon - Sun:  24 Hrs
1075,B5481072,Block 568 Hougang Street 51,1.378645,103.889063,Blue,"568 Hougang St 51, 530568",530568,RUNNING,,,,,,Mon - Sun:  24 Hrs
1076,B5052501,Block 444 Hougang Avenue 8,1.379501,103.893865,Blue,"444 Hougang Ave 8, 530444",530444,RUNNING,,,,,,Mon - Sun:  24 Hrs
1077,B5052505,Block 984A Buangkok Link,1.382037,103.881143,Blue,"984A Buangkok Link, 531984",531984,RUNNING,,,,,,Mon - Sun:  24 Hrs
1078,B5481096,Block 607 Hougang Avenue 4,1.370229,103.886200,Blue,"607 Hougang Ave 4, 530607",530607,RUNNING,,,,,,Mon - Sun:  24 Hrs
1079,B5481193,Block 48 Strathmore Avenue,1.293800,103.807801,Blue,"48 Strathmore Avenue, 140048",140048,RUNNING,,,,,,Mon - Sun:  24 Hrs
1080,B5481171,Block 114 Potong Pasir,1.336758,103.863212,Blue,"114 Potong Pasir, 350114",350114,RUNNING,,,,,,Mon - Sun:  24 Hrs
1081,B9051006,Block 211C Punggol Walk,1.401059,103.899155,Blue,"211C Punggol Walk, 823211",823211,RUNNING,,,,,,Mon - Sun:  24 Hrs
1082,B9481036,SHENG SIONG BLK 108 MCNAIR ROAD ,1.321800,103.859500,Blue,"BLK 108 MCNAIR ROAD #01-295, 321108",321108,FULL,,,,,,Mon - Sun:  24 Hrs
1083,B9051010,SHENG SIONG BLK 52 CHIN SWEE ROAD,1.287000,103.841700,Blue,"BLK 52 CHIN SWEE ROAD #01-25, 160052",160052,RUNNING,,,,,,Mon - Sun:  24 Hrs
1086,B9481003,Block 217 Ang Mo Kio Avenue 1,1.365587,103.841647,Blue,"217 Ang Mo Kio Ave 1, 560217",560217,RUNNING,,,,,,Mon - Sun:  24 Hrs
1087,B9481023,Block 432 Ang Mo Kio Avenue 10,1.368344,103.853590,Blue,"432 Ang Mo Kio Ave 10, 560432",560432,FULL,,,,,,Mon - Sun:  24 Hrs
1088,B5481040,Block 108 Potong Pasir Avenue 1,1.334998,103.867966,Blue,"108 Potong Pasir Ave 1, 350108",350108,RUNNING,,,,,,Mon - Sun:  24 Hrs
1089,B5052493,Block 121 Potong Pasir Avenue 1,1.335744,103.865544,Blue,"121 Potong Pasir Ave 1, 350121",350121,RUNNING,,,,,,Mon - Sun:  24 Hrs
1090,B5052359,Block 143 Potong Pasir Avenue 2,1.332880,103.866109,Blue,"143 Potong Pasir Ave 2, 350143",350143,RUNNING,,,,,,Mon - Sun:  24 Hrs
1091,B5052365,SHENG SIONG BLK 410A SIN MING AVENUE,1.363200,103.835400,Blue,"BLK 410A SIN MING AVENUE #01-02, 571410",571410,RUNNING,,,,,,Mon - Sun:  07:00 AM - 11:00 PM
1092,B5052633,SHENG SIONG BLK 122 ANG MO KIO AVE 3 ,1.370200,103.843200,Blue,"BLK 122 ANG MO KIO AVE 3 #01-1753/1755, 560122",560122,RUNNING,,,,,,Mon - Sun:  24 Hrs
1093,B9481032,SHENG SIONG BLK 233 ANG MO KIO AVE 3,1.367700,103.836300,Blue,"BLK 233 ANG MO KIO AVE 3 #01-1168, 560233",560233,RUNNING,,,,,,Mon - Sun:  24 Hrs
1094,B5481172,"SHENG SIONG BLK 2 ANG MO KIO DRIVE, ITE COLLEGE CENTRAL",1.377800,103.856300,Blue,"BLK 2 ANG MO KIO DRIVE #A1 - 12, 567720",567720,RUNNING,,,,,,Mon - Sun:  07:00 AM - 10:00 PM
1095,B5481036,SHENG SIONG BLK 18B CIRCUIT ROAD ,1.329200,103.888200,Blue,"BLK 18B CIRCUIT ROAD #01-260, 372018",372018,RUNNING,,,,,,Mon - Sun:  24 Hrs
1096,B5052546,SHENG SIONG BLK 231 SUMANG LANE,1.402000,103.892100,Blue,"BLK 231 SUMANG LANE #01-02, 820231",820231,RUNNING,,,,,,Mon - Sun:  24 Hrs
1097,B5481114,SHENG SIONG BLK 622D PUNGGOL CENTRAL,1.400500,103.910400,Blue,"BLK 622D PUNGGOL CENTRAL #01-06, 824622",824622,RUNNING,,,,,,Mon - Sun:  24 Hrs
1098,B5481101,SHENG SIONG BLK 338 ANCHORVALE CRESCENT ,1.399200,103.889600,Blue,"BLK 338 ANCHORVALE CRESCENT #01-11, 540338",540338,RUNNING,,,,,,Mon - Sun:  07:00 AM - 11:00 PM
1099,B5481115,SHENG SIONG BLK 465 FERNVALE ROAD ,1.398200,103.876600,Blue,"BLK 465 FERNVALE ROAD #01-05, 790465",790465,RUNNING,,,,,,Mon - Sun:  24 Hrs
1100,B5052481,SHENG SIONG BLK 473 FERNVALE STREET,1.397900,103.881500,Blue,"BLK 473 FERNVALE STREET #01-06, 790473",790473,RUNNING,,,,,,Mon - Sun:  24 Hrs
1101,B5481047,"SHENG SIONG BLK 6 POTONG PASIR AVE 2,  POTONG PASIR CC ",1.332700,103.867100,Blue,"BLK 6 POTONG PASIR AVE 2, POTONG PASIR CC #01-03, 358361",358361,RUNNING,,,,,,Mon - Sun:  07:00 AM - 11:00 PM
1102,B5481004,SHENG SIONG BLK 212 BIDADARI PARK DRIVE,1.342400,103.875700,Blue,"BLK 212 BIDADARI PARK DRIVE #03-10, 360212",360212,RUNNING,,,,,,Mon - Sun:  07:00 AM - 11:00 PM
1103,B5481138,SHENG SIONG BLK 221 MOUNT VERNON RD ,1.341600,103.880500,Blue,"BLK 221 MOUNT VERNON RD #01-01, 360221",360221,RUNNING,,,,,,Mon - Sun:  07:00 AM - 11:00 PM
1104,B5481192,FairPrice North Shore,1.417419,103.911336,Blue,"Blk 431A Northshore Drive, #01-02 S(821431), 821431",821431,RUNNING,,,,,,Mon - Sun:  07:00 AM - 11:00 PM
1111,B5481044,ANG MO SUPERMARKET-260 ANG MO KIO ST21,1.368900,103.834700,Blue,"BLK 260 ANG MO KIO ST 21 #01-05 SINGAPORE 560260, 560260",560260,OFFLINE,,,,,,Mon - Sun:  08:00 AM - 10:00 PM
1112,B5052353,FairPrice Blk 712 Ang Mo Kio Avenue 6,1.371400,103.847100,Blue,"Blk 712 Ang Mo Kio Ave 6 #01-4056 (560712), 560712",560712,RUNNING,,,,,,Mon - Sun:  08:00 AM - 11:00 PM
1113,B5052367,FairPrice Serangoon Garden myVillage,1.365100,103.865100,Blue,"1 Maju Ave #B1-11 to # B1-K09 Serangoon Garden myVillage (556679), 556679",556679,RUNNING,,,,,,Mon - Sun:  07:00 AM - 11:00 PM
1114,B5052373,FairPrice 612 Punggol Drive,1.404800,103.908500,Blue,"Block 612 Punggol Drive #01-06, 820612",820612,RUNNING,,,,,,Mon - Sun:  24 Hrs
1115,B5481006,FairPrice ZhongShan Park,1.327000,103.846400,Blue,"20 Ah Hood Road #02-01 Zhong Shan Park (329984), 329984",329984,RUNNING,,,,,,Mon - Sun:  08:00 AM - 11:00 PM
1116,B5481023,FairPrice Thomson Plaza,1.354900,103.830800,Blue,"301 Upper Thomson Rd #03-37/38 Thomson Plaza (574408), 574408",574408,RUNNING,,,,,,Mon - Sun:  08:00 AM - 11:00 PM
1117,B5481045,FairPrice 682 Hougang Avenue 4,1.374530,103.885620,Blue,"Block 682 Hougang Avenue 4 #01-310, 530682",530682,RUNNING,"This machine is popular and can get busy. If there's a queue or the bin is full, your next best options nearby are Blk 698B Hougang St 61 and Blk 658 Hougang Avenue 8. Check their status before heading over.",,,,,Mon - Sun:  08:00 AM - 10:00 PM
1118,B5481052,FairPrice SengKang East,1.386400,103.893300,Blue,"Block 279 Sengkang East Avenue #01-06, 540279",540279,RUNNING,,,,,,Mon - Sun:  24 Hrs
1119,B5481053,FairPrice Blk 635B Punggol Drive,1.397600,103.919800,Blue,"653B Punggol Drive #01-06, 822653",822653,RUNNING,,,,,,Mon - Sun:  24 Hrs
1120,B5481055,FairPrice Nex Mall,1.350700,103.871900,Blue,"23 Serangoon Central #03-42 Nex Mall , 556083",556083,RUNNING,"This machine is popular and can get busy. If there's a queue or the bin is full, your next best options nearby are Cold Storage, NEX, #B2-44/45; SCARLETT, NEX, #04-12; Giant, Blk 266 Serangoon Central Drive. Check their status before heading over.",,,,,Mon - Sun:  24 Hrs
1122,B5481075,FairPrice Blk 279 Bishan Street 24,1.357200,103.843900,Blue,"Block 279 Bishan Street 24 #01-62/64, 570279",570279,RUNNING,,,,,,Mon - Sun:  24 Hrs
1123,B5052486,FairPrice Serangoon North Ave 1,1.369800,103.873000,Blue,"Block 152B Serangoon North Avenue 1 #01-384, 552152",552152,RUNNING,"This machine is popular and can get busy. If there's a queue or the bin is full, your next best option nearby is 526 Serangoon North Ave 4. Check its status before heading over.",,,,,Mon - Sun:  24 Hrs
1124,B5052504,FairPrice Lorong Limau,1.323800,103.855700,Blue,"Blk 80 Lorong Limau #01-191, 320080",320080,FULL,,,,,,Mon - Sun:  24 Hrs
1125,B5052564,FairPrice Punggol Oasis,1.403100,103.913200,Blue,"681 Punggol Drive Oasis Terraces #B1-01 (820681), 820681",820681,RUNNING,,,,,,Mon - Sun:  07:00 AM - 11:00 PM
1126,B5052630,FairPrice MacPherson Blossom,1.325200,103.890100,Blue,"Blk 76 Circuit Road, #02-13 (MacPherson Blossom) Singapore 370076, 370076",370076,FULL,,,,,,Mon - Sun:  08:00 AM - 10:00 PM
1127,B5052632,FairPrice Punggol Plaza,1.394200,103.913000,Blue,"Blk 168 Punggol Field Rd Punggol Plaza #03-01/02 (820168), 820168",820168,ERROR,,,,,,Mon - Sun:  07:00 AM - 11:00 PM
1128,B5052637,FairPrice Punggol Coast Mall,1.414900,103.912700,Blue,"98 Punggol Way #01-127 & #02-217 Punggol Coast Mall Tower 10 829857, 829857",829857,OFFLINE,,,,,,Mon - Sun:  08:00 AM - 11:00 PM
1129,B5481102,FairPrice AMK Hub,1.369000,103.848100,Blue,"53 Ang Mo Kio Ave 3, Ang Mo Kio Hub #B2-40, 569933",569933,RUNNING,"This machine is popular and can get busy. If there's a queue or the bin is full, your next best options nearby are FairPrice Blk 712 Ang Mo Kio Avenue 6 and SCARLETT@Blk 710A, Ang Mo Kio Ave 8, #01-2625. Check their status before heading over.",,,,,Mon - Sun:  24 Hrs
1130,B5481118,FairPrice Serangoon Central,1.353900,103.870700,Blue,"Block 253 Serangoon Central Drive #01-241, 550253",550253,FULL,,,,,,Mon - Sun:  24 Hrs
1131,B5481120,FairPrice Hougang 202,1.357700,103.883800,Blue,"Blk 202 Hougang St 21 #01-00, 530202",530202,RUNNING,,,,,,Mon - Sun:  24 Hrs
1132,B5481130,FairPrice Rivervale Shores,1.386400,103.909300,Blue,"Block 170B Sengkang East Drive #01-11 542170, 542170",542170,RUNNING,,,,,,Mon - Sun:  07:00 AM - 11:00 PM
1133,B5481140,FairPrice Poiz Centre,1.331200,103.868100,Blue,"51 Upper Serangoon Road #01-30 to 32, 41 to 49 The Poiz Centre, 347697",347697,RUNNING,,,,,,Mon - Sun:  24 Hrs
1134,B5481147,FairPrice Blk 510 Bishan Street 13,1.348700,103.849800,Blue,"Blk 510 Bishan St 13 #01-520 (570510), 570510",570510,RUNNING,,,,,,Mon - Sun:  07:00 AM - 11:00 PM
1135,B5481182,FairPrice Finest Junction 8,1.351084,103.848945,Blue,"9 Bishan Place #B1-01 Junction 8 Shopping Centre (579837), 579837",579837,RUNNING,,,,,,Mon - Sun:  07:00 AM - 11:00 PM
1136,B5481189,FairPrice Blk 192 Toa Payoh Lorong 4,1.331840,103.850600,Blue,"Blk 192 Toa Payoh Lorong 4 #01-670/672, 310192",310192,RUNNING,,,,,,Mon - Sun:  24 Hrs
1138,B9051004,FairPrice Woodleigh Mall,1.339000,103.871500,Blue,"11 Bidadari Park Drive, B1-32/33, The Woodleigh Mall , 367803",367803,RUNNING,"This machine is popular and can get busy. If there's a queue or the bin is full, your next best options nearby are Block 206A Woodleigh Link and SHENG SIONG ALKAFF CRESCENT. Check their status before heading over.",,,,,Mon - Sun:  24 Hrs
1139,B5052352,SHENG SIONG BLK 658 PUNGGOL EAST ,1.399800,103.919500,Blue,"BLK 658 PUNGGOL EAST #01-01, 820658",820658,RUNNING,,,,,,Mon - Sun:  24 Hrs
1140,B5052362,SHENG SIONG BLK 660A EDGEDALE PLAINS ,1.402500,103.916300,Blue,"BLK 660A EDGEDALE PLAINS #01-01 , 821660",821660,RUNNING,,,,,,Mon - Sun:  24 Hrs
1141,B5052550,SHENG SIONG BLK 671 EDGEFIELD PLAINS,1.405600,103.911900,Blue,"BLK 671 EDGEFIELD PLAINS #02-01, 820671",820671,RUNNING,,,,,,Mon - Sun:  07:00 AM - 11:00 PM
1142,B9051007,SHENG SIONG BLK 512 BISHAN STREET 13 ,1.349600,103.850000,Blue,"BLK 512 BISHAN STREET 13 #01-524, 570512",570512,RUNNING,,,,,,Mon - Sun:  24 Hrs
1143,B9051011,SHENG SIONG BLK 161 ANG MO KIO AVE  4,1.374200,103.839500,Blue,"BLK 161 ANG MO KIO AVE 4 #01-504, 560161",560161,RUNNING,,,,,,Mon - Sun:  24 Hrs
1144,B9051014,SHENG SIONG BLK 181 TOA PAYOH LORONG 4,1.333600,103.851000,Blue,"BLK 181 TOA PAYOH LORONG 4 #01-602, 310181",310181,RUNNING,,,,,,Mon - Sun:  24 Hrs
1145,B9481001,SHENG SIONG BLK 312A SUMANG LINK ,1.411400,103.900400,Blue,"312A SUMANG LINK #01-04, 821312",821312,RUNNING,,,,,,Mon - Sun:  24 Hrs
1146,B9481012,SHENG SIONG BLK 417 FERNVALE LINK,1.391600,103.879500,Blue,"BLK 417 FERNVALE LINK #01-11, 790417",790417,RUNNING,,,,,,
1147,B9481015,SHENG SIONG 19 SERANGOON NORTH AVE 5,1.375570,103.871880,Blue,"19 SERANGOON NORTH AVE 5 # 01-01, 554913",554913,RUNNING,,,,,,Mon - Sun:  24 Hrs
1148,B9481018,SHENG SIONG BLK 4 TOA PAYOH LORONG 7 ,1.339100,103.855800,Blue,"BLK 4 TOA PAYOH LORONG 7 #01-107/113, 310004",310004,RUNNING,,,,,,Mon - Sun:  24 Hrs
1149,B9481028,SHENG SIONG BLK 455 SENGKANG WEST AVE 5 ,1.391400,103.871100,Blue,"BLK 455 SENGKANG WEST AVE 5 #01-16, 790455",790455,RUNNING,"This machine is popular and can get busy. If there's a queue or the bin is full, your next best options nearby are Block 400C Fernvale Ln and Block 461A Sengkang West Way. Check their status before heading over.",,,,,Mon - Sun:  24 Hrs
1154,B5481073,ANG MO SUPERMARKET-639 PUNGGOL DRIVE,1.399400,103.916000,Blue,"BLK 639 PUNGGOL DRIVE #01-01 SINGAPORE 820639, The Meadows, 820639",820639,OFFLINE,,,,,,Mon - Sun:  08:00 AM - 10:00 PM
1155,B5481100,Block 113B Alkaff Crescent,1.336080,103.872600,Blue,"113B Alkaff Cres, 342113",342113,RUNNING,,,,,,Mon - Sun:  24 Hrs
1156,B5481081,ACE SIGNATURE @ NTP,1.352100,103.860800,Blue,"151 Lorong Chuan #01-22, New Tech Park, 556741",556741,RUNNING,,,,,,Mon - Sun:  07:00 AM - 11:00 PM
1157,B9051013,Block 1 Lorong Lew Lian,1.350923,103.875386,Blue,"1 Lor Lew Lian, 531001",531001,RUNNING,"This machine is popular and can get busy. If there's a queue or the bin is full, your next best options nearby are Cold Storage Serangoon Nex and SCARLETT@NEX. Check their status before heading over.",,,,,Mon - Sun:  24 Hrs
1158,B5481076,Cold Storage Sentosa Cove,1.247309,103.840105,Blue,"1 Cove Avenue Sentosa Arrival Plaza #02-07/10, 098537",098537,RUNNING,,,,,,Mon - Sun:  08:00 AM - 10:00 PM
1159,B5052500,Don Don Donki (City Square Mall),1.311400,103.856500,Blue,"180 Kitchener Road, City Square Mall, #B2 05/18, 208539",208539,RUNNING,,,,,,Mon - Sun:  09:00 AM - 12:00 AM
1160,B5052473,FairPrice Xtra VivoCity,1.264800,103.822800,Blue,"1 Habourfront Walk #B2-23/#01-23, Vivo City (098585), 098585",098585,RUNNING,"This machine is popular and can get busy. If there's a queue or the bin is full, your next best option nearby is Marks & Spencer VivoCity, #01-46. Check its status before heading over.",,,,,Mon - Sun:  08:00 AM - 11:00 PM
1161,B5481084,FairPrice 150 Towner Road,1.318000,103.859700,Blue,"150 Towner Rd #01-02 S(320150), 320150",320150,RUNNING,,,,,,Mon - Sun:  07:00 AM - 11:00 PM
1162,B5481110,FairPrice City Square Mall,1.311800,103.856600,Blue,"180 Kitchener Road #B1-09/10 City Square Mall (208539), 208539",208539,RUNNING,"This machine is popular and can get busy. If there's a queue or the bin is full, your next best options nearby are Don Don Donki, City Square Mall, #B2-05/18 and MUSTAFA, 145 Syed Alwi Road. Check their status before heading over.",,,,,Mon - Sun:  08:00 AM - 11:00 PM
1164,B5481087,Marks & Spencer Vivo City,1.264700,103.823100,Blue,"1 HarbourFront Walk, #01-46 VivoCity, 098585",098585,RUNNING,,,,,,Mon - Sun:  10:00 AM - 10:00 PM
1165,B5052350,SCARLETT@BUGIS+,1.299600,103.854600,Blue,"201 VICTORIA STREET, #03-16/17 BUGIS+, 188067",188067,RUNNING,,,,,,Mon - Sun:  09:00 AM - 11:00 PM
1166,B5052354,Block 113 Whampoa Road,1.325816,103.857193,Blue,"113 Whampoa Road, 320113",320113,FULL,,,,,,Mon - Sun:  24 Hrs
1167,B5052364,Cold Storage Plaza Singapura,1.300711,103.844900,Blue,"68 Orchard Road #B2-16 Plaza Singapura, 238839",238839,FULL,,,,,,Mon - Sun:  09:00 AM - 10:00 PM
1168,B5052372,Cold Storage Raffles City,1.294000,103.853100,Blue,"252 North Bridge Rd #B1-01/02 Raffles City, 179103",179103,RUNNING,,,,,,Mon - Sun:  08:30 AM - 10:00 PM
1169,B5052470,Cold Storage Suntec City,1.295000,103.858300,Blue,"3 Temasek Boulevard Suntec City Mall #B1-154/155/156, 038983",038983,RUNNING,,,,,,Mon - Sun:  09:00 AM - 10:00 PM
1170,B5052507,Cold Storage New Bahru,1.292800,103.838600,Blue,"46 Kim Yam Road #01-09, 239351",239351,RUNNING,,,,,,Mon - Sun:  08:30 AM - 10:00 PM
1171,B5052558,Jasons Deli by Cold Storage ION Orchard,1.303800,103.831700,Blue,"2 Orchard Turn #B4-01 ION Orchard, 238801",238801,RUNNING,,,,,,Mon - Sun:  10:00 AM - 10:00 PM
1172,B5481107,Cold Storage Aperia,1.309700,103.864300,Blue,"12 Kallang Avenue Aperia #01-47/51, 339511",339511,RUNNING,,,,,,Mon - Sun:  08:00 AM - 10:00 PM
1173,B5052368,Don Don Donki (Orchard Central),1.300800,103.839700,Blue,"181 Orchard Road, Orchard Central, #B2 01-10/30/43 & #B1 15-29/K7/K8, 238896",238896,RUNNING,"This machine is popular and can get busy. If there's a queue or the bin is full, your next best options nearby are FairPrice Finest The Centrepoint, #B1-09/10 and FairPrice Finest 111 Somerset, #01-01/02, #01-21/30. Check their status before heading over.",,,,,Mon - Sun:  24 Hrs
1174,B5052506,Cold Storage Holland Village,1.310200,103.795300,Blue,"211 Holland Avenue #01-02 04 05 Holland, 278967",278967,RUNNING,,,,,,"Sun - Thu:  07:00 AM - 10:00 PM, Fri - Sat:  07:00 AM - 11:00 PM"
1175,B5481020,Don Don Donki (100AM),1.274900,103.843400,Blue,"100 Tras Street, 100 AM, #02 01- 05/22-26 and #03 01-05/09-23, 079027",079027,RUNNING,,,,,,Mon - Sun:  09:00 AM - 11:00 PM
1176,B5052479,Singapore Polytechnic (SP) T11A Building,1.310330,103.779160,Blue,"500 Dover Rd, 139651",139651,ERROR,,,,,,Mon - Sun:  08:00 AM - 11:00 PM
1177,B5052513,Don Don Donki (Clarke Quay Central),1.289100,103.846700,Blue,"6 Eu Tong Sen Street, The Central, #B1 11-28/44-51, 059817",059817,OFFLINE,,,,,,Mon - Sun:  09:00 AM - 12:00 AM
1178,B5052544,Don Don Donki (Suntec City Mall),1.293200,103.857000,Blue,"3 Temasek Boulevard, Suntec City Mall, #02-379 to 387, 038983",038983,OFFLINE,,,,,,Mon - Sun:  09:00 AM - 11:00 PM
1179,B5052358,FairPrice Havelock Road,1.289800,103.826700,Blue,"Blk 50 Havelock Rd #01-755 , 160050",160050,MAINTENANCE,"This machine is popular and can get busy. If there's a queue or the bin is full, your next best option nearby is Beo Crescent Market, 38A Beo Crescent. Check its status before heading over.",,,,,Mon - Sun:  24 Hrs
1180,B5052360,FairPrice Shaw Plaza,1.325279,103.851048,Blue,"360 Balestier Road Shaw Plaza Level 2 (329783), 329783",329783,RUNNING,,,,,,Mon - Sun:  08:00 AM - 10:00 PM
1181,B5052370,FairPrice Blk 476 Upper Serangoon View,1.377100,103.903500,Blue,"Block 476 Upper Serangoon View #02-18 (530476), 530476",530476,RUNNING,,,,,,Mon - Sun:  07:00 AM - 11:00 PM
1182,B5481017,FairPrice Kallang Bahru,1.321000,103.870700,Blue,"Blk 71 Kallang Bahru #01-529/#02-531 (330071), 330071",330071,RUNNING,,,,,,Mon - Sun:  07:00 AM - 11:00 PM
1183,B5481056,FairPrice Chinatown Point,1.285400,103.845000,Blue,"133 New Bridge Road #B1-01 Chinatown Point (059413), 059413",059413,OFFLINE,,,,,,Mon - Sun:  08:00 AM - 11:00 PM
1184,B5052472,FairPrice Tanjong Pagar,1.275900,103.843000,Blue,"Block 1 Tanjong Pagar Plaza #01-01, 082001",082001,FULL,"This machine is popular and can get busy. If there's a queue or the bin is full, your next best option nearby is Don Don Donki, 100AM. Check its status before heading over.",,,,,Mon - Sun:  24 Hrs
1185,B5052487,FairPrice Finest Clarke Quay,1.290500,103.845900,Blue,"3B River Valley Road #01-04,#01-05, CQ @ Clarke Quay S(179021), 179019",179019,RUNNING,,,,,,"Mon - Fri:  08:00 AM - 11:00 PM, Sat - Sun:  08:00 AM - 12:00 AM"
1186,B5052488,FairPrice Finest Coronation Plaza,1.323900,103.809900,Blue,"587 Bukit Timah Rd #01-01 Coronation Plaza (269707), 269707",269707,RUNNING,,,,,,Mon - Sun:  08:00 AM - 11:00 PM
1187,B5052494,FairPrice Dover Crescent,1.305100,103.781400,Blue,"Block 28 Dover Crescent #01-83 (130028), 130028",130028,RUNNING,,,,,,Mon - Sun:  08:00 AM - 11:00 PM
1188,B5052498,FairPrice Dawson Place,1.292600,103.811400,Blue,"Blk 57 Dawson Rd #01-07 Dawson Place, 142057",142057,RUNNING,,,,,,Mon - Sun:  24 Hrs
1189,B5052503,FairPrice Hougang One,1.375500,103.879200,Blue,"No.1 Hougang St 91, #02-01 Hougang 1 (538692), 538692",538692,RUNNING,,,,,,Mon - Sun:  07:00 AM - 11:00 PM
1190,B5052516,FairPrice Blk 78A Telok Blangah Street 32,1.273200,103.809100,Blue,"78A TELOK BLANGAH STREET 32 #01-01,#01-02, 101078",101078,RUNNING,,,,,,Mon - Sun:  24 Hrs
1191,B5481099,FairPrice 5 Upper Boon Keng Road,1.312500,103.872700,Blue,"Block 5 Upper Boon Keng Road #01-05, 380005",380005,RUNNING,,,,,,Mon - Sun:  24 Hrs
1192,B5481128,FairPrice Finest 100AM,1.274600,103.843400,Blue,"100 Tras Street #B1-01 100AM (079027), 079027",079027,RUNNING,,,,,,Mon - Sun:  08:00 AM - 10:30 PM
1193,B5481160,FairPrice French Road,1.308900,103.861900,Blue,"Block 808 French Road #01-01 (200808), 200808",200808,RUNNING,"This machine is popular and can get busy. If there's a queue or the bin is full, your next best options nearby are Cold Storage Aperia, #01-47/51 and Thai Supermarket Aperia, #01-20. Check their status before heading over.",,,,,Mon - Sun:  07:00 AM - 11:00 PM
1194,B5052361,Giant Ang Mo Kio Avenue 10,1.372700,103.854000,Blue,"Blk 525 Ang Mo Kio Ave 10 #01-2401/2403/2405, 560525",560525,RUNNING,"This machine is popular and can get busy. If there's a queue or the bin is full, your next best option nearby is Block 536 Ang Mo Kio Ave 10. Check its status before heading over.",,,,,Mon - Sun:  24 Hrs
1195,B5052517,Giant Ang Mo Kio Street 31,1.364800,103.847900,Blue,"Blk 316B Ang Mo Kio St 31 #01-11, 563316",563316,RUNNING,,,,,,Mon - Sun:  07:00 AM - 10:30 PM
1196,B5481136,Giant Telok Blangah Crescent,1.277800,103.819400,Blue,"Blk 8 Telok Blangah Crescent # 01-171, 090008",090008,RUNNING,,,,,,Mon - Sun:  06:00 AM - 11:00 PM
1197,B5052499,SHENG SIONG BLK 85 DAWSON ROAD ,1.295500,103.810000,Blue,"BLK 85 DAWSON ROAD #01-01, 141085",141085,RUNNING,,,,,,Mon - Sun:  24 Hrs
1198,B5481191,SHENG SIONG BLK 11 UPPER BOON KENG ROAD ,1.314200,103.870600,Blue,"BLK 11 UPPER BOON KENG ROAD #01-901, 380011",380011,RUNNING,,,,,,Mon - Sun:  24 Hrs
1199,B5052515,Meidi-Ya Millenia Walk,1.292100,103.859800,Blue,"9 RAFFLES BOULEVARD, #02-26-36, 039596",039596,RUNNING,,,,,,"Mon - Thu:  10:30 AM - 09:00 PM, Fri:  10:30 AM - 09:30 PM, Sat - Sun & PH:  10:00 AM - 09:30 PM"
1202,B5481025,Cold Storage UE Square,1.292100,103.842500,Blue,"No 81 Clemenceau Avenue #02-18 UE Square, 239917",239917,RUNNING,,,,,,Mon - Sun:  08:30 AM - 10:00 PM
1203,B5052483,Cold Storage Serangoon Nex,1.350819,103.872500,Blue,"23 Serangoon Central #B2-44/45 NEX, 556083",556083,RUNNING,,,,,,Mon - Sun:  24 Hrs
1204,B5052492,Cold Storage Anchorpoint,1.288628,103.804992,Blue,"370 Alexandra Road #B1- 03 - 10 Anchorpoint, 159953",159953,FULL,,,,,,Mon - Sun:  08:00 AM - 10:00 PM
1205,B5052496,Cold Storage Novena Square,1.319957,103.843900,Blue,"No 238 Thomson Road #01-29, 307683",307683,RUNNING,,,,,,Mon - Sun:  09:00 AM - 10:00 PM
1206,B5052626,Cold Storage Heartland Mall,1.359500,103.885100,Blue,"Blk 205 Hougang Street 21 #01-133 / 135 Heartland Mall, 530205",530205,RUNNING,,,,,,Mon - Sun:  08:00 AM - 10:00 PM
1207,B5481024,Don Don Donki (Square2),1.320700,103.844300,Blue,"10 Sinaran Drive, #B1 01-85, 307506",307506,RUNNING,,,,,,Mon - Sun:  09:00 AM - 11:00 PM
1208,B5481007,FairPrice Holland Drive,1.309300,103.792600,Blue,"Block 36 Holland Drive #01-03/04/05 , 270036",270036,RUNNING,,,,,,Mon - Sun:  24 Hrs
1209,B5481009,FairPrice Finest Scotts Square,1.305800,103.832900,Blue,"6 Scotts Road #B1-03 to 07 and #B1-10 Scotts Square (228209), 228209",228209,RUNNING,,,,,,Mon - Sun:  08:00 AM - 11:00 PM
1210,B5481015,FairPrice Rivervale Plaza,1.385579,103.902503,Blue,"118 Rivervale Drive #01-08 Rivervale Plaza, 540118",540118,RUNNING,"This machine is popular and can get busy. If there's a queue or the bin is full, your next best options nearby are Block 117B Rivervale Drive and Block 116B Rivervale Drive. Check their status before heading over.",,,,,Mon - Sun:  08:00 AM - 10:00 PM
1211,B5481018,FairPrice Toa Payoh Hub,1.333000,103.847000,Blue,"Blk 500 Lorong 6 Toa Payoh #B1-32/#01-33 (310500), 310500",310500,RUNNING,,,,,,Mon - Sun:  07:00 AM - 12:00 AM
1212,B5052509,FairPrice 29A Ghim Moh Link,1.308600,103.784700,Blue,"Bock 29A Ghim Moh Link #01-01, 271029",271029,RUNNING,,,,,,Mon - Sun:  24 Hrs
1213,B5052563,FairPrice Blk 227 Compassvale Link,1.382400,103.894000,Blue,"Block 277C Compassvale Link #01-13, 543277",543277,RUNNING,"This machine is popular and can get busy. If there's a queue or the bin is full, your next best options nearby are SHENG SIONG Blk 266, #01-02 and FairPrice Finest Sengkang Grand, #B1-14. Check their status before heading over.",,,,,Mon - Sun:  24 Hrs
1214,B5052634,FairPrice Kang Kar Mall,1.371800,103.894100,Blue,"100 Hougang Ave 10 #01-01/#02-01 Kang Kar Mall , 538767",538767,FULL,"This machine is popular and can get busy. If there's a queue or the bin is full, your next best options nearby are FairPrice Hougang Mall, #B1-07 and Blk 466 Hougang Avenue 8. Check their status before heading over.",,,,,Mon - Sun:  24 Hrs
1215,B5052635,FairPrice Seletar Mall,1.391200,103.876000,Blue,"33 Sengkang West Avenue #B2-24 Seletar Mall, 797653",797653,RUNNING,"This machine is popular and can get busy. If there's a queue or the bin is full, your next best options nearby are Block 406C Fernvale Road; Block 410A Fernvale Rd; Block 433B Sengkang West Way. Check their status before heading over.",,,,,Mon - Sun:  24 Hrs
1216,B5052363,Giant Northshore 2,1.417125,103.901700,Blue,"407 Northshore Drive #01-01 Northshore Plaza 1, 820407",820407,RUNNING,,,,,,Mon - Sun:  24 Hrs
1217,B5481010,Block 171 Lorong 1 Toa Payoh,1.330980,103.842655,Blue,"171 Lorong 1 Toa Payoh, 310171",310171,RUNNING,,,,,,Mon - Sun:  24 Hrs
1218,B5481014,Block 205 Toa Payoh North,1.342022,103.848213,Blue,"205 Toa Payoh North, 310205",310205,FULL,,,,,,Mon - Sun:  24 Hrs
1219,B5481022,Block 143 Lorong 2 Toa Payoh,1.335653,103.843900,Blue,"143 Lorong 2 Toa Payoh, 310143",310143,RUNNING,,,,,,Mon - Sun:  24 Hrs
1220,B5052491,Block 99C Lorong 2 Toa Payoh,1.339046,103.847473,Blue,"99C Lorong 2 Toa Payoh, 312099",312099,RUNNING,,,,,,Mon - Sun:  24 Hrs
1221,B5052495,Block 128 Lorong 1 Toa Payoh,1.337807,103.844093,Blue,"128 Lorong 1 Toa Payoh, 310128",310128,FULL,,,,,,Mon - Sun:  24 Hrs
1222,B5052551,Block 228 Bishan Street 23,1.358090,103.846475,Blue,"228 Bishan Street 23, 570228",570228,RUNNING,,,,,,Mon - Sun:  24 Hrs
1223,B5052553,Block 138 Bishan Street 12,1.344371,103.852490,Blue,"138 Bishan Street 12, 570138",570138,RUNNING,,,,,,Mon - Sun:  24 Hrs
1224,B5052562,Block 9 Selegie Road,1.303366,103.850901,Blue,"9 Selegie Road, 180009",180009,FULL,,,,,,Mon - Sun:  24 Hrs
1225,B5052628,Block 125 Aljunied Road,1.323210,103.881800,Blue,"125 Aljunied Road, 380125",380125,RUNNING,,,,,,Mon - Sun:  24 Hrs
1226,B5052629,Block 46 Circuit Road,1.326097,103.886200,Blue,"46 Circuit Road, 370046",370046,FULL,,,,,,Mon - Sun:  24 Hrs
1229,B5481013,SCARLETT@DJITSUN AMK,1.372900,103.847600,Blue,"5 ANG MO KIO AVE 2, #02-03 DJITSUN MALL, 569663",569663,RUNNING,,,,,,Mon - Sun:  09:00 AM - 11:00 PM
1230,B5481021,SCARLETT@HEARTLAND MALL,1.359500,103.885100,Blue,"205 HOUGANG ST 21, #03-16 HEARTLAND MALL, 530205",530205,OFFLINE,,,,,,Mon - Sun:  09:00 AM - 10:00 PM
1231,B5052369,Block 12 Holland Avenue,1.309380,103.794880,Blue,"12 Holland Avenue, 272012",272012,RUNNING,,,,,,
1232,B5481175,Block 212 Serangoon Avenue 4,1.356786,103.873000,Blue,"212 Serangoon Avenue 4, 550212",550212,RUNNING,,,,,,Mon - Sun:  24 Hrs
1233,B5481145,Block 25 Sin Ming Road,1.354920,103.837758,Blue,"25 Sin Ming Road, 570025",570025,RUNNING,,,,,,Mon - Sun:  24 Hrs
1234,B5481149,Block 473B Upper Serangoon Crescent,1.375954,103.901052,Blue,"473B Upper Serangoon Crescent, 532473",532473,RUNNING,,,,,,Mon - Sun:  24 Hrs
1235,B5481135,Block 114 Lorong 1 Toa Payoh,1.340847,103.844300,Blue,"114 Lorong 1 Toa Payoh, 310114",310114,RUNNING,,,,,,Mon - Sun:  24 Hrs
1236,B5052489,Block 832 Hougang Central,1.370650,103.889700,Blue,"832 Hougang Central, 530832",530832,RUNNING,,,,,,Mon - Sun:  24 Hrs
1237,B5481166,Block 236 Hougang Avenue 1,1.357830,103.888900,Blue,"236 Hougang Avenue 1, 530236",530236,RUNNING,,,,,,Mon - Sun:  24 Hrs
1238,B5481095,Block 313 Shunfu Road,1.351493,103.837522,Blue,"313 Shunfu Road, 570313",570313,FULL,,,,,,Mon - Sun:  24 Hrs
1239,B5481161,Block 129 Lorong Ah Soo,1.351523,103.887500,Blue,"129 Lorong Ah Soo, 530129",530129,FULL,,,,,,Mon - Sun:  24 Hrs
1240,B5052357,Block 23B Queen's Close,1.293681,103.800400,Blue,"23B Queen's Close, 141023",141023,RUNNING,,,,,,Mon - Sun:  24 Hrs
1241,B5481153,Block 466 Hougang Avenue 8,1.372861,103.897000,Blue,"466 Hougang Avenue 8, 530466",530466,RUNNING,,,,,,Mon - Sun:  24 Hrs
1242,B5481091,Block 93 Whampoa Drive,1.322233,103.854838,Blue,"93 Whampoa Drive, 320093",320093,RUNNING,,,,,,Mon - Sun:  24 Hrs
1243,B5481155,Block 318 Serangoon Avenue 2,1.352863,103.867100,Blue,"318 Serangoon Avenue 2, 550318",550318,FULL,,,,,,Mon - Sun:  24 Hrs
1244,B5481179,Block 336 Hougang Avenue 7,1.369362,103.898200,Blue,"336 Hougang Avenue 7, 530336",530336,RUNNING,,,,,,Mon - Sun:  24 Hrs
1245,B5481180,Block 195D Punggol Road,1.401572,103.906937,Blue,"195D Punggol Road, 824195",824195,RUNNING,,,,,,
1246,B5052559,Huber's Butchery @ Dempsey,1.306889,103.810118,Blue,"22 Dempsey Road, 249679",249679,RUNNING,,,,,,Mon - Sun:  09:30 AM - 07:00 PM
1247,B9481024,Block 174B Hougang Avenue 1,1.349563,103.889200,Blue,"174B Hougang Avenue 1, 532174",532174,RUNNING,,,,,,Mon - Sun:  24 Hrs
1248,B5481065,Block 204 Bishan Street 23,1.354988,103.847400,Blue,"204 Bishan Street 23, 570204",570204,OFFLINE,,,,,,Mon - Sun:  24 Hrs
1249,B5481093,FairPrice Finest 111 Somerset,1.300400,103.837600,Blue,"111 Somerset Road #01-01/02, #01-21 To 30, 111 Somerset (238164), 238164",238164,RUNNING,,,,,,Mon - Sun:  08:00 AM - 11:00 PM
1250,B5481154,FairPrice 43 Cambridge Road,1.315400,103.849400,Blue,"43 Cambridge Road #01-15, S(210043), 210043",210043,RUNNING,,,,,,Mon - Sun:  07:00 AM - 11:00 PM
1251,B5481183,Block 470B Upper Serangoon Crescent,1.379047,103.900800,Blue,"470B Upper Serangoon Crescent, 532470",532470,RUNNING,,,,,,Mon - Sun:  24 Hrs
1252,B5481177,FairPrice Finest The Centrepoint,1.301700,103.839500,Blue,"176 Orchard Road #B1-09/10 The Centrepoint S(238843), 238843",238843,RUNNING,,,,,,Mon - Sun:  08:00 AM - 10:00 PM
1253,B5481029,Block 134 Jalan Bukit Merah,1.279130,103.827600,Blue,"134 Jalan Bukit Merah, 160134",160134,FULL,,,,,,Mon - Sun:  24 Hrs
1254,B5481060,Block 206A Woodleigh Link,1.341440,103.872600,Blue,"206A Woodleigh Link, 361206",361206,RUNNING,,,,,,Mon - Sun:  24 Hrs
1255,B5481086,FairPrice Depot Heights Shopping Centre,1.281300,103.809900,Blue,"Block 108 Depot Road #01-01 Depot Heights Shopping Centre (100108), 100108",100108,RUNNING,,,,,,Mon - Sun:  08:00 AM - 11:00 PM
1256,B9481010,Block 302 Hougang Avenue 5,1.368499,103.894358,Blue,"302 Hougang Avenue 5, 530302",530302,RUNNING,,,,,,Mon - Sun:  24 Hrs
1257,B5481051,FairPrice Finest Artra,1.290100,103.816900,Blue,"12 Alexandra View #01-18 (158736), 158736",158736,RUNNING,,,,,,Mon - Sun:  08:00 AM - 11:00 PM
1258,B5481143,FairPrice Holland V,1.310400,103.795900,Blue,"118 Holland Avenue, #B1-01 to #B1-13 Raffles Holland V (278997), 278997",278997,RUNNING,,,,,,Mon - Sun:  08:00 AM - 11:00 PM
1259,B5481184,Block 232 Lorong 8 Toa Payoh,1.337591,103.859100,Blue,"232 Lorong 8 Toa Payoh, 310232",310232,FULL,,,,,,Mon - Sun:  24 Hrs
1260,B5481037,FairPrice Anchorvale Village,1.396700,103.888200,Blue,"339 Anchorvale Road #B1-02 Singapore 540339, 540339",540339,RUNNING,,,,,,Mon - Sun:  08:00 AM - 10:00 PM
1261,B5481124,Block 201 Toa Payoh North,1.341542,103.850000,Blue,"201 Toa Payoh North, 310201",310201,RUNNING,,,,,,Mon - Sun:  24 Hrs
1262,B9481002,Block 22 Hougang Avenue 3,1.364270,103.890400,Blue,"22 Hougang Avenue 3, 530022",530022,RUNNING,,,,,,Mon - Sun:  24 Hrs
1263,B5481195,Block 112 Bishan Street 12,1.346887,103.848814,Blue,"112 Bishan Street 12, 570112",570112,RUNNING,,,,,,Mon - Sun:  24 Hrs
1264,B9481005,Block 177 Bishan Street 13,1.347867,103.853500,Blue,"177 Bishan Street 13, 570177",570177,RUNNING,,,,,,Mon - Sun:  24 Hrs
1265,B5481144,FairPrice Dunearn Village,1.336700,103.783600,Blue,"896 Dunearn Rd, #02-01, (589472), 589472",589472,RUNNING,,,,,,Mon - Sun:  08:00 AM - 11:00 PM
1266,B5481113,Block 524 Hougang Avenue 6,1.374125,103.890393,Blue,"524 Hougang Avenue 6, 530524",530524,FULL,,,,,,Mon - Sun:  24 Hrs
1267,B5481085,Block 38B Bendemeer Road,1.320651,103.866811,Blue,"38B Bendemeer Road, 332038",332038,RUNNING,,,,,,Mon - Sun:  24 Hrs
1268,B5481111,Block 243 Bishan Street 22,1.360876,103.844700,Blue,"243 Bishan Street 22, 570243",570243,RUNNING,,,,,,Mon - Sun:  24 Hrs
1269,B9481011,Block 222 Lorong 8 Toa Payoh,1.341791,103.855900,Blue,"222 Lorong 8 Toa Payoh, 310222",310222,RUNNING,,,,,,Mon - Sun:  24 Hrs
1270,B5481185,Block 15 Joo Seng Road,1.335598,103.880233,Blue,"15 Joo Seng Road, 360015",360015,RUNNING,,,,,,Mon - Sun:  24 Hrs
1271,B5481125,Block 95B Henderson Road,1.286993,103.821579,Blue,"95B Henderson Road, 152095",152095,RUNNING,,,,,,
1272,B9481013,Block 534 Hougang Street 52,1.377160,103.890313,Blue,"534 Hougang Street 52, 530534",530534,RUNNING,,,,,,Mon - Sun:  24 Hrs
1273,B9481031,Block 160 Lorong 1 Toa Payoh,1.330985,103.844700,Blue,"160 Lorong 1 Toa Payoh, 310160",310160,RUNNING,,,,,,Mon - Sun:  24 Hrs
1274,B5481141,FairPrice Stirling,1.291000,103.803100,Blue,"Block 170 Stirling Road #01-1147 (140170), 140170",140170,RUNNING,,,,,,Mon - Sun:  08:00 AM - 11:00 PM
1275,B9481019,Block 707 Hougang Avenue 2,1.366319,103.888700,Blue,"707 Hougang Avenue 2, 530707",530707,RUNNING,,,,,,Mon - Sun:  24 Hrs
1276,B5481098,Cold Storage One North,1.298900,103.787400,Blue,"1 Fusionopolis Way Connexis #B2-03, 138632",138632,RUNNING,,,,,,"Mon - Fri:  07:30 AM - 10:00 PM, Sat - Sun & PH:  10:00 AM - 09:00 PM"
1277,B5481068,FairPrice Finest Funan Mall,1.291300,103.850100,Blue,"107 North Bridge Road, #B1-10 Funan Mall (179105), 179105",179105,ERROR,,,,,,Mon - Sun:  10:00 AM - 10:00 PM
1278,B5481079,FairPrice Square 2,1.320600,103.844000,Blue,"10 Sinaran Dr #04-46/47/48/49 Square 2 (307506), 307506",307506,RUNNING,,,,,,Mon - Sun:  09:00 AM - 10:00 PM
1279,B5481137,FairPrice NUH Medical Centre,1.293300,103.784400,Blue,"1 Lower Kent Ridge Road #02-16 NUH Medical Centre (119082), 119082",119082,RUNNING,,,,,,Mon - Sun:  09:00 AM - 10:00 PM
1280,B5481048,FairPrice Finest Tiong Bahru Plaza,1.286600,103.826700,Blue,"302 Tiong Bahru Rd #B1-01/02 Tiong Bahru Plaza (168732), 168732",168732,RUNNING,"This machine is popular and can get busy. If there's a queue or the bin is full, your next best options nearby are Don Don Donki, Tiong Bahru Plaza, #03-115 and Blk 19 Jalan Membina. Check their status before heading over.",,,,,Mon - Sun:  08:00 AM - 11:00 PM
1281,B5481097,SCARLETT@PLAZA SINGAPURA,1.300700,103.844900,Blue,"68 ORCHARD ROAD, #B2-13/14 PLAZA SINGAPURA, 238839",238839,RUNNING,,,,,,Mon - Sun:  09:00 AM - 11:00 PM
1282,B5481117,FairPrice Finest Valley Point,1.292900,103.827000,Blue,"491 River Valley Road #01-14 Valley Point (248371), 248371",248371,RUNNING,,,,,,Mon - Sun:  07:30 AM - 11:00 PM
1283,B5481042,FairPrice 1 Jalan Bukit Merah,1.286500,103.808300,Blue,"1 Jalan Bukit Merah #01-4500 (150001), 150001",150001,RUNNING,,,,,,Mon - Sun:  08:00 AM - 11:00 PM
1284,B5481046,FairPrice Orchard Grand Court,1.297300,103.838300,Blue,"131 Killiney Rd #01-01/02/03 Orchard Grand Court, 239571",239571,RUNNING,"This machine is popular and can get busy. If there's a queue or the bin is full, your next best option nearby is FairPrice Finest 111 Somerset. Check its status before heading over.",,,,,Mon - Sun:  24 Hrs
1285,B5481134,Block 316B Punggol Way,1.409101,103.897753,Blue,"316B Punggol Way, 822316",822316,RUNNING,,,,,,Mon - Sun:  24 Hrs
1286,B5481034,SHENG SIONG BLK 25 GHIM MOH LINK ,1.308100,103.785900,Blue,"BLK 25 GHIM MOH LINK #01-11 , 270025",270025,RUNNING,,,,,,Mon - Sun:  24 Hrs
1287,B5481132,FairPrice Finest Sengkang Grand,1.382600,103.892100,Blue,"70 Compassvale Bow Unit #B1-14 Singapore 544692, 544692",544692,RUNNING,,,,,,Mon - Sun:  08:00 AM - 11:00 PM
1288,B5052366,Block 261 Waterloo Street,1.298916,103.851900,Blue,"261 Waterloo Street, 180261",180261,FULL,"This machine is popular and can get busy. If there's a queue or the bin is full, your next best options nearby are Cheng Yan Court - 269 Queen Street; Nanyang Academy of Fine Arts; SCARLETT@BUGIS+. Check their status before heading over.",,,,,Mon - Sun:  24 Hrs
1289,B5481131,SHENG SIONG BLK 266 COMPASSVALE BOW ,1.382000,103.897000,Blue,"BLK 266 COMPASSVALE BOW #01-02, 540266",540266,RUNNING,,,,,,Mon - Sun:  24 Hrs
1290,B9481020,"SHENG SIONG 5 STADIUM WALK,  LEISURE PARK KALLANG ",1.302300,103.876500,Blue,"5 STADIUM WALK, LEISURE PARK KALLANG #B1-01/02/03/04, 397693",397693,RUNNING,,,,,,Mon - Sun:  07:00 AM - 11:00 PM
1292,20254508910,"Blk 123, Geylang East Avenue 1",1.318132,103.885363,Green,"Blk 123, Geylang East Avenue 1, 380123",380123,RUNNING,,,,,,Mon - Sun:  24 Hrs
1294,B5481038,Cold Storage Tanglin Mall,1.304900,103.823800,Blue,"163 Tanglin Road Tanglin Mall #B1-101 to 104, 247933",247933,RUNNING,,,,,,Mon - Sun:  09:00 AM - 10:00 PM
1295,B5481026,Cold Storage United Square,1.317300,103.843500,Blue,"101 Thomson Road #B1-52, 307591",307591,OFFLINE,,,,,,Mon - Sun:  09:00 AM - 10:00 PM
1296,B5481173,Cold Storage One Holland Village,1.311500,103.793700,Blue,"7 Holland Village Way #01 - 16 One Holland Village, 275748",275748,RUNNING,,,,,,Mon - Sun:  09:00 AM - 10:00 PM
1298,B5481031,Giant Beauty World,1.342300,103.776100,Blue,"144 Upper Bukit Timah Road #B1-01 Beauty World Centre, 588177",588177,RUNNING,,,,,,Mon - Sun:  24 Hrs
1299,B5481178,Giant Hougang Green,1.378900,103.887300,Blue,"21 Hougang St 51 #01-52 Hougang Green Shopping Mall, 538719",538719,RUNNING,,,,,,Mon - Sun:  24 Hrs
1300,B5481074,Cold Storage Chancery Court,1.317300,103.836000,Blue,"36H Dunearn Road #01 - 44A to #01 - 44D, 309433",309433,RUNNING,,,,,,Mon - Sun:  24 Hrs
1301,B5052474,"National University of Singapore 36 College Avenue East UTown Level 1, Main Walkway",1.304942,103.773700,Blue,"36 College Avenue East, 138600",138600,RUNNING,,,,,,Mon - Sun:  24 Hrs
1302,B5052549,Market Street Hawker Centre,1.284815,103.850225,Blue,"86 Market Street, 048947",048947,FULL,,,,,,Mon - Sun:  24 Hrs
1303,B5481032,Maxwell Food Centre,1.280367,103.844800,Blue,"1 Kadayanallur Street, 069184",069184,FULL,,,,,,Mon - Sun:  24 Hrs
1304,B5481116,SCARLETT@PEOPLE'S PARK COMPLEX,1.284166,103.842450,Blue,"1 PARK ROAD, #02-70 PEOPLE'S PARK COMPLEX, 059108",059108,RUNNING,,,,,,Mon - Sun:  24 Hrs
1305,B5481071,Giant Buangkok Crescent,1.380900,103.879300,Blue,"Blk 982 Buangkok Crescent #01-01, 530982",530982,RUNNING,,,,,,Mon - Sun:  24 Hrs
1306,B5481181,Don Don Donki (Tiong Bahru Plaza),1.286300,103.827300,Blue,"302 Tiong Bahru Road,#03-115 Tiong Bahru Plaza, 168732",168732,RUNNING,,,,,,Mon - Sun:  10:00 AM - 11:00 PM
1307,B9051008,Block 445 Sin Ming Avenue,1.358713,103.831600,Blue,"445 Sin Ming Avenue, 570445",570445,RUNNING,,,,,,Mon - Sun:  24 Hrs
1308,B5052545,Ci Yuan Hawker Centre,1.375146,103.882900,Blue,"51 Hougang Avenue 9, 538776",538776,RUNNING,,,,,,Mon - Sun:  24 Hrs
1309,B5052631,Block 8 Jalan Bukit Ho Swee,1.287529,103.832000,Blue,"8 Jalan Bukit Ho Swee, 161008",161008,FULL,,,,,,Mon - Sun:  24 Hrs
1310,B5481159,SCARLETT@GRANTRAL MACPHERSON,1.333600,103.888000,Blue,"601 MACPHERSON ROAD, #02-02 GRANTRAL MALL MACPHERSON, 368242",368242,RUNNING,,,,,,Mon - Sun:  09:00 AM - 11:00 PM
1311,B5481016,Amoy Street Food Centre,1.279366,103.846722,Blue,"National Development Building Annex B Telok Ayer Street, OR 7 Maxwell Road, 069111",069111,RUNNING,,,,,,Mon - Sun:  24 Hrs
1312,B5481030,Marks & Spencer Wheelock Place,1.304700,103.830600,Blue,"501 Orchard Rd, #01 - 01 Wheelock Place, 238880",238880,RUNNING,,,,,,Mon - Sun:  10:00 AM - 10:00 PM
1313,B5481066,Cold Storage Cluny Court,1.322700,103.814400,Blue,"501 Bukit Timah Rd Cluny Court #01-02, 259760",259760,RUNNING,,,,,,Mon - Sun:  24 Hrs
1314,B5481089,Don Don Donki (Waterway Point),1.406800,103.902400,Blue,"83 Punggol Central #B1-10B Building 10, 828761",828761,RUNNING,,,,,,Mon - Sun:  09:00 AM - 12:00 AM
1315,B5481122,Cold Storage Compass One,1.391800,103.894900,Blue,"1 Sengkang Square #B1-25 Compass One Shopping Centre, 545078",545078,RUNNING,,,,,,Mon - Sun:  08:00 AM - 10:00 PM
1316,B5481188,SCARLETT@SUNTEC CITY,1.294600,103.860300,Blue,"3 TEMASEK BOULEVARD, #02-728/729/730 SUNTEC CITY, 038983",038983,RUNNING,,,,,,Mon - Sun:  09:00 AM - 11:00 PM
1317,B5481028,FairPrice Bukit Timah Plaza,1.338700,103.778800,Blue,"No.1 Jln Anak Bukit #B1-01 & #B2-01 Bukit Timah Plaza, 588996",588996,RUNNING,,,,,,Mon - Sun:  24 Hrs
1318,B5052556,Punggol Coast Hawker Centre,1.414528,103.908466,Blue,"84 Punggol Way, 829911",829911,RUNNING,,,,,,Mon - Sun:  24 Hrs
1319,B5481142,FairPrice Alexandra Retail Centre ARC (PSA Branch),1.273700,103.801500,Blue,"460 Alexandra Road #01- 09 & #01-16 (119963), 119963",119963,RUNNING,,,,,,Mon - Sun:  09:00 AM - 10:00 PM
1320,B5481064,SCARLETT@NEX,1.350700,103.871900,Blue,"23 SERANGOON CENTRAL, #04-12 NEX MALL, 556083",556083,RUNNING,,,,,,Mon - Sun:  09:00 AM - 11:00 PM
1321,B5052471,Cold Storage Marina Bay Sands,1.286226,103.859764,Blue,"2 Bayfront Avenue Marina Bay Sands B2-48, 018972",018972,RUNNING,,,,,,"Mon - Thu:  10:00 AM - 10:00 PM, Fri - Sun & PH:  10:00 AM - 11:00 PM"
1322,B5052485,Cold Storage Bugis Junction,1.299548,103.855700,Blue,"200 Victoria Street #B1-17/18  Bugis Junction, 188021",188021,RUNNING,,,,,,Mon - Sun:  09:00 AM - 10:00 PM
1323,B5052490,Giant Ghim Moh Road,1.310185,103.788100,Blue,"Blk 21 Ghim Moh Road #01-177, 270021",270021,RUNNING,,,,,,Mon - Sun:  24 Hrs
1326,B5052565,Cold Storage Great World City,1.294201,103.832000,Blue,"1 Kim Seng Promenade Great World City #B1-139, 237994",237994,RUNNING,"This machine is popular and can get busy. If there's a queue or the bin is full, your next best option nearby is Meidi-Ya, Great World City, #B2-111 to 121. Check its status before heading over.",,,,,Mon - Sun:  09:00 AM - 10:00 PM
1327,B5052627,Cold Storage Marina One,1.277341,103.852500,Blue,"5 Straits View  #B2-15/16 Marina One The Heart, 018935",018935,RUNNING,,,,,,Mon - Sun:  09:00 AM - 09:00 PM
1328,B5481033,Block 11 York Hill,1.287127,103.837978,Blue,"11 York Hill, 162011",162011,RUNNING,,,,,,Mon - Sun:  24 Hrs
1330,B5481059,Newton Food Centre,1.311947,103.839512,Blue,"500 Clemenceau Avenue North, 229495",229495,RUNNING,,,,,,Mon - Sun:  24 Hrs
1332,B5481070,Cold Storage Takashimaya,1.302672,103.834400,Blue,"391A Orchard Road #B2-01-1 Ngee Ann City, 238873",238873,RUNNING,,,,,,Mon - Sun:  10:00 AM - 09:30 PM
1333,B5481077,Block 289D Punggol Place,1.401996,103.903579,Blue,"289D Punggol Place, 824289",824289,RUNNING,,,,,,Mon - Sun:  24 Hrs
1334,B5481082,"SHENG SIONG 2 HANDY ROAD,  THE CATHAY",1.299470,103.847700,Blue,"2 HANDY ROAD #B1-05 & #B1-06 THE CATHAY, 229233",229233,RUNNING,,,,,,Mon - Sun:  07:00 AM - 11:00 PM
1336,B5481103,Giant Serangoon Central Drive,1.353219,103.871600,Blue,"Blk 266 Serangoon Central Drive #01-255, 550266",550266,RUNNING,,,,,,Mon - Sun:  24 Hrs
1337,B5481104,Cold Storage Paragon,1.303905,103.835600,Blue,"290 Orchard Road #B1-20/21/22 Paragon, 238859",238859,FULL,,,,,,Mon - Sun:  08:00 AM - 10:00 PM
1338,B5481106,Golden Mile Food Centre,1.303135,103.863900,Blue,"505 Beach Road, 199583",199583,RUNNING,,,,,,Mon - Sun:  24 Hrs
1339,B5481112,Woodleigh Village Hawker Centre,1.339834,103.872428,Blue,"202C Woodleigh Link, 363202",363202,RUNNING,,,,,,Mon - Sun:  24 Hrs
1343,B5481129,Cold Storage Star Vista,1.306890,103.787900,Blue,"1 Vista Exchange Green #B1-02&35/36 The, 138617",138617,RUNNING,,,,,,Mon - Sun:  08:00 AM - 11:00 PM
1344,B5481156,Cold Storage Guthrie House,1.330753,103.795600,Blue,"1 Fifth Ave Guthrie House #01-05, 268802",268802,RUNNING,,,,,,Mon - Sun:  08:00 AM - 10:00 PM
1345,B5481133,Giant Kim Keat Avenue,1.332148,103.857400,Blue,"Blk 260 Kim Keat Ave #01-01, 310260",310260,FULL,,,,,,Mon - Sun:  07:00 AM - 11:00 PM
1346,B5481158,Cold Storage Greenwich,1.387584,103.869400,Blue,"1 Seletar Road #01-11 Greenwich V, 807011",807011,RUNNING,,,,,,Mon - Sun:  09:00 AM - 10:00 PM
1347,B5481163,Buangkok Hawker Centre,1.382427,103.892190,Blue,"70 Compassvale Bow, 544692",544692,RUNNING,,,,,,Mon - Sun:  24 Hrs
1348,B5481167,Cold Storage Jelita,1.317578,103.785900,Blue,"293 Holland Rd #01-01 Jelita, 278628",278628,RUNNING,,,,,,Mon - Sun:  24 Hrs
1349,B5481194,North Bridge Road Market & Food Centre,1.305872,103.864000,Blue,"861 North Bridge Road, 198783",198783,FULL,,,,,,Mon - Sun:  24 Hrs
1351,B9481008,Block 103B Edgefield Plains,1.397823,103.904700,Blue,"103B Edgefield Plains, 822103",822103,RUNNING,,,,,,Mon - Sun:  24 Hrs
1352,B9481030,Block 3D Upper Boon Keng Road,1.313427,103.872900,Blue,"3D Upper Boon Keng Road, 384003",384003,RUNNING,,,,,,Mon - Sun:  24 Hrs
1353,B9481022,Block 22 Saint George's Road,1.325236,103.862439,Blue,"22 Saint George's Road, 321022",321022,RUNNING,"This machine is popular and can get busy. If there's a queue or the bin is full, your next best option nearby is Prime Supermarket Jalan Tenteram. Check its status before heading over.",,,,,Mon - Sun:  24 Hrs
1354,B9481027,Block 93 Paya Lebar Way,1.322737,103.888296,Blue,"93 Paya Lebar Way, 370093",370093,RUNNING,,,,,,Mon - Sun:  24 Hrs
1355,B5481168,Sembawang Hills Food Centre,1.372328,103.829035,Blue,"590 Upper Thomson Road, 574419",574419,RUNNING,,,,,,Mon - Sun:  24 Hrs
1356,B5481061,Cold Storage Alocassia,1.319538,103.827332,Blue,"383 Bukit Timah Rd #01-09A Alocassia Apartments, 259727",259727,RUNNING,,,,,,Mon - Sun:  08:00 AM - 10:00 PM
1357,B5481067,Cold Storage Marina Bay Link Mall,1.280644,103.853894,Blue,"8A Marina Boulevard #B2-44/45/48/49/50 Marina Bay Link Mall, 018984",018984,RUNNING,,,,,,"Mon - Fri:  08:30 AM - 09:00 PM, Sat - Sun & PH:  09:00 AM - 09:00 PM"
1781,20254809783,"Blk 659, Jln Tenaga",1.334290,103.906112,Green,"Blk 659, Jln Tenaga, 410659",410659,RUNNING,,,,,,Mon - Sun:  24 Hrs
1783,20254809796,"Blk 670, Jln Damai",1.332888,103.908280,Green,"Blk 670, Jln Damai, 410670",410670,RUNNING,,,,,,Mon - Sun:  24 Hrs
1784,20254809803,"Blk 529, Bedok North Street 3",1.334628,103.926893,Green,"Blk 529, Bedok North Street 3, 460529",460529,RUNNING,,,,,,Mon - Sun:  24 Hrs
1789,20254709540,"Blk 548, Bedok North Ave 1",1.331271,103.926803,Green,"Blk 548, Bedok North Ave 1, 460548",460548,RUNNING,,,,,,Mon - Sun:  24 Hrs
1803,20254709521,"Blk 721, Bedok Reservoir Road",1.336347,103.926014,Green,"Blk 721, Bedok Reservoir Road, 470721",470721,RUNNING,,,,,,Mon - Sun:  24 Hrs
1805,20254709494,"Blk 722, Bedok Reservoir Road",1.336659,103.928243,Green,"Blk 722, Bedok Reservoir Road, 470722",470722,RUNNING,,,,,,Mon - Sun:  24 Hrs
1819,20254609014,"Blk 249, Pasir Ris Street 21",1.370193,103.963326,Green,"Blk 249, Pasir Ris Street 21, 510249",510249,RUNNING,,,,,,Mon - Sun:  24 Hrs
1863,20254508909,"Blk 413, Bedok North Avenue 2",1.330281,103.931081,Green,"Blk 413, Bedok North Avenue 2, 460413",460413,RUNNING,,,,,,Mon - Sun:  24 Hrs
1882,20254909820,"Blk 628, Bedok Reservoir Road",1.334941,103.914948,Green,"Blk 628, Bedok Reservoir Road, 470628",470628,RUNNING,,,,,,Mon - Sun:  24 Hrs
1884,20254809593,"Blk 617, Bedok Reservoir Road",1.333217,103.916500,Green,"Blk 617, Bedok Reservoir Road, 470617",470617,RUNNING,,,,,,Mon - Sun:  24 Hrs
1893,20254809804,"Blk 601, Bedok Reservoir Road",1.329992,103.911502,Green,"Blk 601, Bedok Reservoir Road, 470601",470601,RUNNING,,,,,,Mon - Sun:  24 Hrs
1933,20254809781,"Blk 707, Bedok North Road",1.335454,103.919253,Green,"Blk 707, Bedok North Road, 470707",470707,RUNNING,,,,,,
1935,20254909887,"Blk 612, Bedok Reservoir Road",1.331665,103.915743,Green,"Blk 612, Bedok Reservoir Road, 470612",470612,RUNNING,,,,,,Mon - Sun:  24 Hrs
1938,20254709488,"Blk 130, Bedok Reservoir Road",1.333520,103.912328,Green,"Blk 130, Bedok Reservoir Road, 470130",470130,RUNNING,,,,,,Mon - Sun:  24 Hrs
1940,20254709347,"Blk 123, Bedok Reservoir Road",1.332419,103.910456,Green,"Blk 123, Bedok Reservoir Road, 470123",470123,RUNNING,,,,,,Mon - Sun:  24 Hrs
1941,20254709349,"Blk 648, Jln Tenaga",1.332425,103.905431,Green,"Blk 648, Jln Tenaga, 410648",410648,RUNNING,,,,,,Mon - Sun:  24 Hrs
1942,20254909826,"Blk 640, Bedok Reservoir Road",1.332168,103.904957,Green,"Blk 640, Bedok Reservoir Road, 410640",410640,RUNNING,,,,,,Mon - Sun:  24 Hrs
1956,20255110630,Don Don Donki (Tampines One),1.354567,103.944957,Green,"No.10 Tampines Central, Tampines One #02-25 to 30, 529536",529536,RUNNING,,,,,,Mon - Sun:  09:00 AM - 11:00 PM
1964,B5481152,Thai Supermarket Pte Ltd,1.309681,103.864320,Blue,"12 Kallang Avenue, #01-20, 339511",339511,FULL,,,,,,Mon - Sun:  10:00 AM - 09:30 PM
1978,20255110622,Don Don Donki (Paya Lebar Quarter),1.317669,103.893160,Green,"10 Paya Lebar Rd, PLQ Mall, Level 04 04-08, 409057",409057,RUNNING,,,,,,Mon - Sun:  10:00 AM - 11:00 PM
1986,B5052543,Phan99 Supermarket PPT Lodge 1B,1.416480,103.895354,Blue,"2 Seletar North Link, #01-38, 797601",797601,RUNNING,,,,,,Mon - Sun:  12:00 PM - 11:00 PM
1990,20255010198,Don Don Donki (Jewel Changi),1.360319,103.989668,Green,"78 Airport Boulevard, #B1-224 Jewel Changi Airport,Singapore, 819666",819666,RUNNING,,,,,,Mon - Sun:  10:00 AM - 11:00 PM
2002,20254809679,"Blk 453, Pasir Ris Drive 6",1.371868,103.957291,Green,"Blk 453, Pasir Ris Drive 6, 510453",510453,RUNNING,,,,,,Mon - Sun:  24 Hrs
2023,20255010449,"Blk 665, Jln Damai",1.334191,103.907993,Green,"Blk 665, Jln Damai, 410665",410665,RUNNING,,,,,,Mon - Sun:  24 Hrs
2024,B5481083,SCARLETT@SHAW PLAZA,1.325306,103.851142,Blue,"360 BALESTIER ROAD, #04-03 SHAW PLAZA BALESTIER, 329783",329783,RUNNING,,,,,,Mon - Sun:  10:00 AM - 10:00 PM
2026,20254709495,"Blk 542, Bedok North Street 3",1.330673,103.922796,Green,"Blk 542, Bedok North Street 3, 460542",460542,RUNNING,,,,,,Mon - Sun:  24 Hrs
2042,20254709525,"Blk 711, Bedok Reservoir Road",1.335975,103.924172,Green,"Blk 711, Bedok Reservoir Road, 470711",470711,RUNNING,,,,,,Mon - Sun:  24 Hrs
2044,20254709490,"Blk 620, Bedok Reservoir Road",1.334289,103.917532,Green,"Blk 620, Bedok Reservoir Road, 470620",470620,RUNNING,,,,,,Mon - Sun:  24 Hrs
2045,20254709514,"Blk 716, Bedok Reservoir Road",1.337862,103.924917,Green,"Blk 716, Bedok Reservoir Road, 470716",470716,RUNNING,,,,,,Mon - Sun:  24 Hrs
2046,20254809797,"Blk 720, Bedok Reservoir Road",1.335985,103.924985,Green,"Blk 720, Bedok Reservoir Road, 470720",470720,RUNNING,,,,,,Mon - Sun:  24 Hrs
2047,20254709481,"Blk 704, Bedok Reservoir Road",1.336508,103.920279,Green,"Blk 704, Bedok Reservoir Road, 470704",470704,RUNNING,,,,,,Mon - Sun:  24 Hrs
2164,20255010216,Geylang Serai Market and Food Centre,1.316774,103.898278,Green,"1 Geylang Serai, Singapore 402001, 402001",402001,RUNNING,,,,,,Mon - Sun:  24 Hrs
2166,SGRVM0098,Giant Khatib MRT,1.416950,103.832800,Red,"201 Yishun Ave 2 #01-03 Khatib MRT Station, 769092",769092,RUNNING,,,,,,Mon - Sun:  07:00 AM - 12:00 AM
2167,SGRVM0099,FairPrice Wisteria Mall,1.418350,103.841100,Red,"598 Yishun Ring Road, #01-01 Wisteria Mall (768698), 768698",768698,RUNNING,,,,,,Mon - Sun:  08:00 AM - 11:00 PM
2168,SGRVM0100,Cold Storage West Mall,1.350050,103.749200,Red,"No 1 Bukit Batok Central Link #B1-01 West Mall, 658713",658713,RUNNING,,,,,,Mon - Sun:  08:00 AM - 10:30 PM
2169,SGRVM0101,SCARLETT@WESTGATE,1.334500,103.742600,Red,"3 GATEWAY DRIVE, #B2-01 WESTGATE, 608532",608532,RUNNING,,,,,,Mon - Sun:  09:00 AM - 11:00 PM
2171,SGRVM0103,FairPrice Blk 166 Bukit Batok West Avenue 8,1.347330,103.743100,Red,"166 Bukit Batok West Avenue 8, #01-256/258 S(650166) #01-256/258, 650166",650166,RUNNING,,,,,,Mon - Sun:  24 Hrs
2172,SGRVM0106,Cold Storage Rail Mall,1.360195,103.767634,Red,"464 to 472 Upper Bukit Timah Road The Rail Mall, 678081",678081,FULL,,,,,,Mon - Sun:  24 Hrs
2173,SGRVM0108,SHENG SIONG BLK 292 BUKIT BATOK EAST AVE 6 ,1.344400,103.755000,Red,"BLK 292 BUKIT BATOK EAST AVE 6 #01-02, 650292",650292,RUNNING,,,,,,Mon - Sun:  24 Hrs
2174,SGRVM0109,U STARS @507 Yishun Ave 4,1.415550,103.839700,Red,"507 YISHUN AVENUE 4 #01-09, S(760507), 760507",760507,RUNNING,,,,,,Mon - Sun:  07:00 AM - 11:00 PM
2175,SGRVM0110,FairPrice Sembawang Shopping Centre,1.441610,103.824600,Red,"604 Sembawang Road #B1-25 Sembawang Shopping Centre, S(758459), 758459",758459,RUNNING,,,,,,Mon - Sun:  08:00 AM - 11:00 PM
2176,SGRVM0111,FairPrice Blk 849 Yishun Ring Road,1.416980,103.835400,Red,"Blk 849 Yishun Ring Rd #01-3703 (760849), 760849",760849,FULL,"This machine is popular and can get busy. If there's a queue or the bin is full, your next best options nearby are GIANT Khatib MRT and Blk 627 Yishun Street 61. Check their status before heading over.",,,,,Mon - Sun:  24 Hrs
2177,SGRVM0112,SHENG SIONG BLK 643 SENJA CLOSE,1.387880,103.763100,Red,"BLK 643 SENJA CLOSE #01-01, 670643",670643,RUNNING,,,,,,Mon - Sun:  07:00 AM - 11:00 PM
2178,SGRVM0113,120A Canberra Crescent,1.446007,103.832256,Red,"120A Canberra Crescent, 751120",751120,RUNNING,,,,,,Mon - Sun:  24 Hrs
2181,SGRVM0115,Giant Woodlands North,1.442660,103.790700,Red,"Blk 883 Woodlands St 82 #01-498 Woodlands North Plaza, 730883",730883,RUNNING,,,,,,Mon - Sun:  24 Hrs
2182,SGRVM0118,FairPrice Causeway Point,1.436090,103.785900,Red,"1 Woodlands Square #B1-31 to 33 Causeway Point S(738099), 738099",738099,RUNNING,,,,,,Mon - Sun:  09:00 AM - 11:00 PM
2183,SGRVM0120,Cold Storage Hill View,1.362940,103.764200,Red,"4 Hillview Rise #02-07, 667979",667979,RUNNING,,,,,,"Mon - Thu:  09:00 AM - 10:00 PM, Fri - Sun:  09:00 AM - 11:00 PM"
2185,SGRVM0122,950 Jurong West Street 91,1.342990,103.691330,Red,"950 Jurong West Street 91, 640950",640950,OFFLINE,,,,,,Mon - Sun:  24 Hrs
2186,SGRVM0077,Prime Supermarket 678A Woodlands Avenue 6,1.440410,103.801600,Red,"Blk 678A Woodlands Ave 6 #01-18/19, 731678",731678,FULL,"This machine is popular and can get busy. If there's a queue or the bin is full, your next best options nearby are FairPrice Kampung Admiralty, Blk 676 Woodlands Drive 71 and GIANT Admiralty MRT, Blk 70 Woodlands Ave 7. Check their status before heading over.",,,,,Mon - Sun:  24 Hrs
2187,SGRVM0123,FairPrice Northpoint City,1.428320,103.836100,Red,"1 Northpoint Drive, #B2-103 to 107 Northpoint City (768019), 768019",768019,RUNNING,"This machine is popular and can get busy. If there's a queue or the bin is full, your next best options nearby are FairPrice Yishun MRT, #01-02 and Don Don Donki, Northpoint City, #B1-06/07. Check their status before heading over.",,,,,Mon - Sun:  08:00 AM - 11:00 PM
2189,20255010210,FairPrice 612 Geylang Lorong 38,1.314081,103.888840,Green,"612/620 Geylang Lorong 38 (389551), 389551",389551,FULL,,,,,,Mon - Sun:  24 Hrs
2191,SGRVM0126,FairPrice Lot 1,1.385110,103.744900,Red,"21 Choa Chu Kang Ave 4 #B1-05 Lot 1 Shoppers' Mall (689812), 689812",689812,RUNNING,"This machine is popular and can get busy. If there's a queue or the bin is full, your next best options nearby are Blk 219 Choa Chu Kang Central; Blk 340 Choa Chu Kang Loop; Blk 432 Choa Chu Kang Ave 4. Check their status before heading over.",,,,,Mon - Sun:  07:00 AM - 11:00 PM
2193,SGRVM0128,FairPrice Woodlands Ave 1,1.430810,103.790900,Red,"570B Woodlands Avenue 1 #01-06, 732570",732570,RUNNING,,,,,,Mon - Sun:  08:00 AM - 10:00 PM
2197,SGRVM0130,SHENG SIONG BLK 420A CLEMENTI AVE 1 ,1.309510,103.768400,Red,"BLK 420A CLEMENTI AVE 1 #01-01, 121420",121420,RUNNING,,,,,,Mon - Sun:  24 Hrs
2198,SGRVM0134,FairPrice Jurong Point,1.339620,103.705200,Red,"63 Jurong Central 3, #03-01 Jurong Point (648331), 648331",648331,RUNNING,"This machine is popular and can get busy. If there's a queue or the bin is full, your next best options nearby are Don Don Donki (Jurong Point), #B1-09 and Blk 689 Jurong West Central 1. Check their status before heading over.",,,,,Mon - Sun:  24 Hrs
2200,SGRVM0135,FairPrice Hillion Mall,1.378510,103.763000,Red,"17 Petir Road, Hillion Mall #B2-67, 678278",678278,RUNNING,"This machine is popular and can get busy. If there's a queue or the bin is full, your next best options nearby are Redman by Phoon Huat; 167 Petir Rd; Don Don Donki (Bukit Panjang Plaza). Check their status before heading over.",,,,,Mon - Sun:  24 Hrs
2201,20254909875,Cold Storage Joo Chiat JK Centre,1.309859,103.902300,Green,"291 Joo Chiat Road #01-01 JK Centre, 427543",427543,RUNNING,,,,,,"Mon - Wed:  08:00 AM - 10:30 PM, Thu - Sun:  08:00 AM - 11:00 PM"
2202,SGRVM0131,Giant 256 Bangkit Road,1.379170,103.772900,Red,"Blk 256 Bangkit Road #01-69, 670256",670256,RUNNING,,,,,,Mon - Sun:  24 Hrs
2203,20255010205,"Little Farms Market, Katong Point",1.306800,103.904454,Green,"451 Joo Chiat Rd, #01-01, 427664",427664,RUNNING,,,,,,Mon - Sun:  07:30 AM - 09:30 PM
2204,SGRVM0137,Giant Admiralty MRT,1.440590,103.801000,Red,"Blk 70 Woodlands Ave 7 #01-05 Admiralty MRT Station, 738344",738344,RUNNING,,,,,,Mon - Sun:  24 Hrs
2205,20255010200,Cold Storage i12 Katong,1.305200,103.905060,Green,"112 East Coast Road #B1-01 to 05, 428802",428802,RUNNING,,,,,,Mon - Sun:  09:00 AM - 10:00 PM
2206,SGRVM0139,Don Don Donki (Jurong Point),1.339710,103.706900,Red,"1 Jurong West Central 2, #B1-09 Jurong Point, 648886",648886,RUNNING,,,,,,Mon - Sun:  09:00 AM - 11:00 PM
2207,20255010452,Prime Supermarket Chai Chee Road,1.323302,103.924030,Green,"Blk 25A Chai Chee Road #01-459, 461025",461025,RUNNING,,,,,,Mon - Sun:  24 Hrs
2208,SGRVM0140,FairPrice Bukit Batok MRT,1.348730,103.749300,Red,"10 Bukit Batok Central #01-08 (659958), 659958",659958,RUNNING,,,,,,Mon - Sun:  07:00 AM - 11:30 PM
2210,20255010457,FairPrice Lengkong Tiga,1.323772,103.910790,Green,"110 Lengkong Tiga #01-233,#01-235, S(410110), 410110",410110,RUNNING,,,,,,Mon - Sun:  24 Hrs
2211,SGRVM0132,SHENG SIONG BLK 182 WOODLANDS ST 13 ,1.435310,103.775800,Red,"BLK 182 WOODLANDS ST 13 #01-01, 730182",730182,RUNNING,,,,,,Mon - Sun:  24 Hrs
2213,SGRVM0138,FairPrice Kampung Admiralty,1.439880,103.800700,Red,"Block 676 Woodlands Drive 71, Kampung Admiralty B1-02 (730676), 730676",730676,RUNNING,,,,,,Mon - Sun:  24 Hrs
2214,SGRVM0143,Giant Bukit Batok Street 31,1.358650,103.749300,Red,"Blk 376 Bukit Batok St 31 #01-116, 650376",650376,RUNNING,,,,,,Mon - Sun:  24 Hrs
2215,SGRVM0144,Giant Kranji MRT,1.425240,103.762000,Red,"960 Woodlands Road #01-02 Kranji MRT Station, 738702",738702,RUNNING,,,,,,Mon - Sun:  07:00 AM - 11:00 PM
2216,20255010456,Cold Storage Siglap V,1.312846,103.923730,Green,"2 First Street #01-05/06/12/13/14/15/16  Siglap V, 458278",458278,RUNNING,,,,,,Mon - Sun:  24 Hrs
2217,SGRVM0145,SHENG SIONG BLK 471B YISHUN STREET 42,1.426250,103.852500,Red,"BLK 471B YISHUN STREET 42 #01-01, 762471",762471,RUNNING,,,,,,Mon - Sun:  24 Hrs
2219,SGRVM0147,FairPrice Le Quest,1.355740,103.740900,Red,"4 Bukit Batok Street 41 #01-91/92 (657991), 657991",657991,RUNNING,,,,,,Mon - Sun:  08:00 AM - 11:00 PM
2220,SGRVM0148,SHENG SIONG BLK 202 MARSILING DRIVE ,1.443190,103.775200,Red,"BLK 202 MARSILING DRIVE #01-138 & #01-150, 730202",730202,RUNNING,,,,,,Mon - Sun:  24 Hrs
2221,20255010450,FairPrice Siglap,1.312409,103.925211,Green,"934 East Coast Road Siglap New Market (459125), 459125",459125,RUNNING,,,,,,Mon - Sun:  24 Hrs
2222,SGRVM0149,SHENG SIONG BLK 785E WOODLANDS RISE ,1.446860,103.805600,Red,"BLK 785E WOODLANDS RISE #01-01, 735785",735785,RUNNING,,,,,,Mon - Sun:  24 Hrs
2223,SGRVM0150,SHENG SIONG BLK 4 WOODLANDS ST 12,1.433380,103.779800,Red,"BLK 4 WOODLANDS ST 12 #02-61, 738623",738623,RUNNING,,,,,,Mon - Sun:  07:00 AM - 12:00 AM
2224,SGRVM0152,FairPrice Bukit Batok Home TeamNS,1.365810,103.750200,Red,"2 Bukit Batok West Avenue 7 #01-10 HomeTeamNS Bukit Batok Clubhouse (659003), 659003",659003,RUNNING,,,,,,Mon - Sun:  08:00 AM - 11:00 PM
2225,SGRVM0153,FairPrice Blk 345 Jurong East Street 31,1.345530,103.731200,Red,"Block 345 Jurong East Street 31 #01-29 (600345), 600345",600345,FULL,,,,,,Mon - Sun:  24 Hrs
2226,SGRVM0160,SHENG SIONG BLK 547 SEGAR RD,1.388020,103.769800,Red,"BLK 547 SEGAR RD #01-06, 670547",670547,RUNNING,,,,,,Mon - Sun:  24 Hrs
2228,SGRVM0162,SHENG SIONG 7 JURONG WEST AVE 5 ,1.348780,103.703300,Red,"7 JURONG WEST AVE 5 #01-01, 649486",649486,RUNNING,,,,,,Mon - Sun:  07:00 AM - 12:00 AM
2229,SGRVM0154,SHENG SIONG 3 YUAN CHING ROAD ,1.325630,103.725100,Red,"3 YUAN CHING ROAD #01-01A/02, 618642",618642,RUNNING,,,,,,Mon - Sun:  24 Hrs
2230,SGRVM0163,FairPrice Marsiling MRT,1.432520,103.774400,Red,"71 Woodlands Ave 3 #01-01 Marsiling MRT Station (739044), 739044",739044,FULL,,,,,,Mon - Sun:  07:00 AM - 11:30 PM
2231,SGRVM0155,FairPrice Hub,1.325880,103.678400,Red,"1 Joo Koon Circle Level 3 (629117), 629117",629117,RUNNING,,,,,,Mon - Sun:  09:00 AM - 10:00 PM
2232,SGRVM0165,FairPrice Blk 414 Yishun Ring Road,1.424540,103.846600,Red,"Block 414 Yishun Ring Road #01-1853 (760414), 760414",760414,RUNNING,,,,,,Mon - Sun:  24 Hrs
2233,SGRVM0156,FairPrice Woodgrove,1.428950,103.781100,Red,"30 Woodlands Ave 1 #01-11 The Woodgrove (739065), 739065",739065,RUNNING,"This machine is popular and can get busy. If there's a queue or the bin is full, your next best option nearby is 336 Woodlands Ave 1. Check its status before heading over.",,,,,Mon - Sun:  24 Hrs
2234,SGRVM0157,Prime Supermarket Sembawang Crescent,1.444680,103.815900,Red,"Blk 365 Sembawang Crescent #01-01, 750365",750365,FULL,,,,,,
2236,SGRVM0158,477 Sembawang Drive,1.452097,103.816673,Red,"477 Sembawang Drive, 750477",750477,FULL,,,,,,Mon - Sun:  24 Hrs
2238,SGRVM0166,Prime Supermarket NTU Students Walk,1.348130,103.685400,Red,"35 Students Walk #01-01, 639548",639548,RUNNING,,,,,,Mon - Sun:  08:30 AM - 12:00 AM
2241,SGRVM0169,SHENG SIONG BLK 675 YISHUN AVENUE 4,1.420360,103.843600,Red,"BLK 675 YISHUN AVENUE 4 #01-10, 760675",760675,FULL,,,,,,Mon - Sun:  24 Hrs
2242,SGRVM0170,FairPrice Clementi Ave 2 Shopping Centre,1.314480,103.771300,Red,"352 Clementi Avenue 2 #01-141,#01-143, Clementi Avenue 2 Shopping Centre S(120352), 120352",120352,RUNNING,,,,,,Mon - Sun:  24 Hrs
2243,SGRVM0171,FairPrice Woodlands Civic Centre,1.434900,103.786800,Red,"900 South Woodlands Drive #B1-01, Woodlands Civic Centre (730900), 730900",730900,RUNNING,"This machine is popular and can get busy. If there's a queue or the bin is full, your next best options nearby are 370 Woodlands Ave 1; 513 Woodlands Drive 14; 354 Woodlands Ave 1. Check their status before heading over.",,,,,Mon - Sun:  07:00 AM - 11:00 PM
2244,SGRVM0173,FairPrice Senja Grand,1.385050,103.760400,Red,"Block 628 Senja Road #01-01 Senja Grand, 670628",670628,RUNNING,"This machine is popular and can get busy. If there's a queue or the bin is full, your next best option nearby is Senja Hawker Centre, 2 Senja Close. Check its status before heading over.",,,,,Mon - Sun:  24 Hrs
2245,SGRVM0176,SHENG SIONG BLK 154A BUKIT BATOK WEST AVE 8 ,1.347260,103.743900,Red,"BLK 154A BUKIT BATOK WEST AVE 8 #01-01, 651154",651154,RUNNING,,,,,,Mon - Sun:  24 Hrs
2246,SGRVM0177,U STARS @691 Woodlands Drive,1.440490,103.806300,Red,"691 WOODLANDS DRIVE 73 #01-06, S(730691), 730691",730691,RUNNING,,,,,,Mon - Sun:  24 Hrs
2247,20254909882,FairPrice Parkway Parade,1.301470,103.905150,Green,"80 Marine Parade Road #03-28 Parkway Parade (449269), 449269",449269,RUNNING,,,,,,Mon - Sun:  08:00 AM - 11:00 PM
2248,SGRVM0178,FairPrice Finest Clementi Mall,1.315170,103.764200,Red,"3155 Commonwealth Avenue West #B1-12/13/14 The Clementi Mall (129588), 129588",129588,RUNNING,,,,,,Mon - Sun:  07:00 AM - 11:00 PM
2249,SGRVM0179,SHENG SIONG BLK 451 BUKIT BATOK WEST AVENUE 6 ,1.353000,103.743500,Red,"BLK 451 BUKIT BATOK WEST AVENUE 6 #01-10, 650451",650451,RUNNING,,,,,,Mon - Sun:  07:00 AM - 11:00 PM
2250,SGRVM0180,SHENG SIONG BLK 159 BUKIT BATOK STREET 11 ,1.348490,103.742700,Red,"BLK 159 BUKIT BATOK STREET 11 #01-178, 650159",650159,RUNNING,,,,,,Mon - Sun:  24 Hrs
2251,SGRVM0181,SHENG SIONG BLK 573 WOODLANDS DRIVE 16 ,1.430940,103.798500,Red,"BLK 573 WOODLANDS DRIVE 16 #02-01 , 730573",730573,RUNNING,,,,,,Mon - Sun:  24 Hrs
2252,20255010203,FairPrice Marine Parade,1.301385,103.907230,Green,"No. 6 Marine Parade Central (449411), 449411",449411,RUNNING,,,,,,Mon - Sun:  08:00 AM - 11:00 PM
2253,SGRVM0182,423 Canberra Rd,1.453714,103.818205,Red,"423 Canberra Rd, 750423",750423,ERROR,,,,,,Mon - Sun:  24 Hrs
2254,SGRVM0183,Giant Admiralty Drive,1.449940,103.814300,Red,"Blk 468B Admiralty Drive #01-29, 752468",752468,RUNNING,,,,,,Mon - Sun:  24 Hrs
2255,SGRVM0184,FairPrice Dairy Farm Residences,1.365460,103.775000,Red,"4 Dairy Farm Lane #B1-12 Dairy Farm Residences S(677622), 677622",677622,RUNNING,,,,,,Mon - Sun:  08:00 AM - 10:00 PM
2256,SGRVM0185,FORTUNE SUPERMARKET 463,1.455610,103.814700,Red,"BLK 463 SEMBAWANG DRIVE #01-02 SINGAPORE, 750463",750463,RUNNING,,,,,,Mon - Sun:  24 Hrs
2257,SGRVM0186,Giant Vista Point,1.431380,103.793800,Red,"Blk 548 Woodlands Drive 44 #01-37, 730548",730548,RUNNING,,,,,,Mon - Sun:  24 Hrs
2258,SGRVM0187,SHENG SIONG BLK 240 TENGAH GARDEN WALK ,1.360560,103.732000,Red,"BLK 240 TENGAH GARDEN WALK #01-02, 690240",690240,RUNNING,,,,,,Mon - Sun:  24 Hrs
2259,SGRVM0188,FairPrice Senja Heights,1.387760,103.761400,Red,"Blk 642 Senja Close #01-01 Singapore 670642, 670642",670642,RUNNING,,,,,,Mon - Sun:  07:00 AM - 11:00 PM
2260,SGRVM0189,FairPrice Greenridge,1.385370,103.766300,Red,"Block 524A Jelapang Road #03-13 671524, 671524",671524,RUNNING,,,,,,Mon - Sun:  07:00 AM - 11:00 PM
2261,SGRVM0191,SHENG SIONG BLK 105 CANBERRA STREET ,1.448830,103.832400,Red,"BLK 105 CANBERRA STREET #02-05, 750105",750105,ERROR,,,,,,Mon - Sun:  24 Hrs
2262,SGRVM0192,FairPrice Blk 355 Sembawang Way,1.449570,103.819000,Red,"Blk 355 Sembawang Way #01-01 (750355), 750355",750355,RUNNING,,,,,,Mon - Sun:  24 Hrs
2263,SGRVM0194,Giant Pioneer Mall,1.341860,103.697400,Red,"638 Jurong West St 61 #03-01, 640638",640638,RUNNING,,,,,,Mon - Sun:  24 Hrs
2264,SGRVM0195,SHENG SIONG BLK 209A CLEMENTI AVE 6 ,1.322080,103.763800,Red,"BLK 209A CLEMENTI AVE 6 #01-01, 121209",121209,RUNNING,,,,,,Mon - Sun:  24 Hrs
2265,20255010199,SHENG SIONG BLK 91 JLN. SATU,1.309538,103.888020,Green,"BLK 91 JALAN SATU #01-10, 390091",390091,RUNNING,,,,,,Mon - Sun:  07:00 AM - 11:00 PM
2266,SGRVM0196,Prime Supermarket Yishun Avenue 6,1.428850,103.850500,Red,"Blk 461 Yishun Ave 6 #01-01/02, 760461",760461,RUNNING,,,,,,Mon - Sun:  24 Hrs
2267,SGRVM0190,Prime Supermarket NTU Spine Hub,1.345220,103.681200,Red,"50 Nanyang Avenue North Spine Hub #01-26/27/28, 639798",639798,RUNNING,,,,,,Mon - Sun:  08:00 AM - 08:30 PM
2269,SGRVM0199,462 Sembawang Drive ,1.454775,103.813978,Red,"462 Sembawang Drive , 750462",750462,RUNNING,,,,,,Mon - Sun:  24 Hrs
2270,SGRVM0200,FairPrice Sun Plaza,1.448260,103.819700,Red,"30 Sembawang Drive #B1-01/02 Sun Plaza (757713), 757713",757713,FULL,"This machine is popular and can get busy. If there's a queue or the bin is full, your next best options nearby are FairPrice Blk 355 Sembawang Way and Blk 341 Sembawang Close. Check their status before heading over.",,,,,Mon - Sun:  08:00 AM - 11:00 PM
2271,SGRVM0203,TUAS SOUTH MINIMART,1.272318,103.634499,Red,"6 TUAS SOUTH STREET 15 #01-102, 636906",636906,FULL,,,,,,Mon - Sun:  1:00 PM - 11:30 PM
2272,SGRVM0204,483 Admiralty Link,1.456091,103.815423,Red,"483 Admiralty Link, 750483",750483,RUNNING,,,,,,Mon - Sun:  24 Hrs
2273,SGRVM0205,106A Canberra Street,1.448461,103.833124,Red,"106A Canberra Street, 751106",751106,FULL,,,,,,Mon - Sun:  24 Hrs
2274,SGRVM0206,589 Woodlands Drive 16,1.428090,103.795523,Red,"589 Woodlands Drive 16, 730589",730589,RUNNING,,,,,,Mon - Sun:  24 Hrs
2275,SGRVM0207,718 Woodlands Ave 6,1.441680,103.801068,Red,"718 Woodlands Ave 6, 730718",730718,RUNNING,,,,,,Mon - Sun:  24 Hrs
2278,SGRVM0217,SHENG SIONG BLK 503 JURONG WEST AVE 1,1.350070,103.718000,Red,"BLK 503 JURONG WEST AVE 1 #01-849/ 851/ 853, 640503",640503,RUNNING,,,,,,Mon - Sun:  24 Hrs
2279,SGRVM0218,831 Jurong West Street 81,1.345100,103.694590,Red,"831 Jurong West Street 81, 640831",640831,RUNNING,,,,,,Mon - Sun:  24 Hrs
2282,B5481109,Prime Supermarket Punggol Field,1.396599,103.908600,Blue,"Blk 108 Punggol Field #01-02, 820108",820108,RUNNING,,,,,,Mon - Sun:  24 Hrs
2284,B5052355,Prime Supermarket 322 Sumang Walk,1.410945,103.897300,Blue,"Blk 322 Sumang Walk #01-07, 820322",820322,RUNNING,,,,,,Mon - Sun:  24 Hrs
2285,SGRVM0225,Prime Supermarket Jurong West Street 91,1.341980,103.691700,Red,"Blk 962 Jurong West Street 91 #01-300, 640962",640962,RUNNING,,,,,,Mon - Sun:  24 Hrs
2286,SGRVM0226,FairPrice 888 Plaza,1.438640,103.795300,Red,"Block 888 Woodlands Drive 50 #01-757 (730888), 730888",730888,RUNNING,"This machine is popular and can get busy. If there's a queue or the bin is full, your next best options nearby are Blk 708 Woodlands Drive 70; Blk 666 Woodlands Ring Road; Blk 897A Woodlands Drive 50. Check their status before heading over.",,,,,Mon - Sun:  24 Hrs
2288,SGRVM0232,417 Canberra Rd,1.452435,103.819279,Red,"418 Canberra Rd, 750418",750418,RUNNING,,,,,,Mon - Sun:  24 Hrs
2289,SGRVM0235,SCARLETT @ CLEMENTI,1.314460,103.765100,Red,"3151 COMMONWEALTH AVE WEST, #02-11/12 GRNTRAL MALL, 129581",129581,RUNNING,,,,,,Mon - Sun:  09:00 AM - 11:00 PM
2290,SGRVM0237,108 Yishun Ring Rd ,1.432362,103.829035,Red,"108 Yishun Ring Rd , 760108",760108,RUNNING,,,,,,Mon - Sun:  24 Hrs
2291,SGRVM0239,FairPrice Taman Jurong Shopping Centre,1.334660,103.720100,Red,"Taman Jurong Shopping Centre Blk 399 Yung Sheng Road #01-35 (610399), 610399",610399,RUNNING,"This machine is popular and can get busy. If there's a queue or the bin is full, your next best option nearby is Blk 184 Yung Sheng Rd. Check its status before heading over.",,,,,Mon - Sun:  24 Hrs
2292,SGRVM0242,876 Woodlands Ave 9,1.444808,103.790541,Red,"876 Woodlands Ave 9, 730876",730876,RUNNING,,,,,,Mon - Sun:  24 Hrs
2293,SGRVM0244,708 Woodlands Drive 70,1.440050,103.797312,Red,"708 Woodlands Drive 70, 730708",730708,RUNNING,,,,,,Mon - Sun:  24 Hrs
2294,B5052356,Prime Supermarket Bidadari Park Drive,1.334101,103.870800,Blue,"Blk 106 Bidadari Park Drive #01-06, 340106",340106,RUNNING,,,,,,Mon - Sun:  07:00 AM - 11:00 PM
2295,SGRVM0246,334 Sembawang Close,1.447396,103.816047,Red,"334 Sembawang Close, 750334",750334,RUNNING,,,,,,Mon - Sun:  24 Hrs
2296,B5052477,Prime Supermarket Upper Aljunied Lane,1.334300,103.878790,Blue,"Blk 1 Upper Aljunied Lane #01-01, 360001",360001,RUNNING,,,,,,Mon - Sun:  24 Hrs
2298,B5481146,Prime Supermarket Hougang Avenue 1,1.353998,103.890924,Blue,"Blk 106 Hougang Ave 1 #01-1213, 530106",530106,RUNNING,,,,,,Mon - Sun:  24 Hrs
2299,B5481186,Prime Supermarket 159A Hougang Street 11,1.351909,103.879500,Blue,"Blk 159A Hougang Street 11 #01-01, 531159",531159,FULL,,,,,,Mon - Sun:  24 Hrs
2300,B5481094,U STARS @261 Punggol Way,1.405400,103.896900,Blue,"261 PUNGGOL WAY #01-02, PUNGGOL TOPAZ S(820261) MULTI STOREY CAR PARK, 820261",820261,RUNNING,,,,,,Mon - Sun:  24 Hrs
2301,SGRVM0251,682C Woodlands Drive 73,1.440660,103.804350,Red,"682C Woodlands Drive 73, 733682",733682,RUNNING,,,,,,Mon - Sun:  24 Hrs
2302,B5481027,U STARS @330Anchorvale Street,1.396800,103.889100,Blue,"330 ANCHORVALE STREET #01-01, S(540330), 540330",540330,RUNNING,,,,,,Mon - Sun:  24 Hrs
2303,SGRVM0252,784C Woodlands Rise ,1.445931,103.805305,Red,"784C Woodlands Rise , 733784",733784,FULL,,,,,,Mon - Sun:  24 Hrs
2304,SGRVM0254,690F Woodlands Drive 75,1.442605,103.807494,Red,"690F Woodlands Drive 75, 736690",736690,ERROR,,,,,,Mon - Sun:  24 Hrs
2305,SGRVM0257,862 Woodlands Street 83,1.439992,103.795049,Red,"862 Woodlands Street 83, 730862",730862,RUNNING,,,,,,Mon - Sun:  24 Hrs
2306,SGRVM0258,656 Woodlands Ring Rd,1.437030,103.799213,Red,"656 Woodlands Ring Rd, 730656",730656,RUNNING,,,,,,Mon - Sun:  24 Hrs
2307,SGRVM0260,356A Admiralty Drive,1.449473,103.816965,Red,"356A Admiralty Drive, 751356",751356,RUNNING,,,,,,Mon - Sun:  24 Hrs
2308,SGRVM0263,552 Woodlands Drive 44,1.432262,103.795349,Red,"552 Woodlands Drive 44, 730552",730552,RUNNING,,,,,,Mon - Sun:  24 Hrs
2309,SGRVM0266,351B Canberra Road,1.450830,103.820028,Red,"351B Canberra Road, 752351",752351,RUNNING,,,,,,Mon - Sun:  24 Hrs
2310,SGRVM0269,792 Woodlands Ave 6 ,1.441970,103.802290,Red,"792 Woodlands Ave 6 , 730792",730792,RUNNING,,,,,,Mon - Sun:  24 Hrs
2311,SGRVM0270,611 Woodlands Ring Rd,1.435484,103.796928,Red,"611 Woodlands Ring Rd, 730611",730611,RUNNING,,,,,,Mon - Sun:  24 Hrs
2312,SGRVM0277,836 Woodlands Street 83,1.440290,103.791910,Red,"836 Woodlands Street 83, 730836",730836,RUNNING,,,,,,Mon - Sun:  24 Hrs
2313,SGRVM0280,Prime Supermarket Bukit Batok Street 31,1.358840,103.750500,Red,"Blk 373 Bukit Batok St 31 #01-248, 650373",650373,RUNNING,,,,,,Mon - Sun:  24 Hrs
2314,SGRVM0282,FairPrice Blk 135 Jurong Gateway Road,1.334080,103.740400,Red,"Blk 135 Jurong Gateway Road #01-337, 600135",600135,RUNNING,"This machine is popular and can get busy. If there's a queue or the bin is full, your next best options nearby are SCARLETT@WESTGATE, #B2-01; Blk 102 Jurong East St 13; Don Don Donki JEM, #02-24/26 & #03-27/29. Check their status before heading over.",,,,,Mon - Sun:  24 Hrs
2316,SGRVM0284,311 Canberra Rd,1.446620,103.822580,Red,"311 Canberra Rd, 750311",750311,RUNNING,,,,,,Mon - Sun:  24 Hrs
2317,SGRVM0285,782B Woodlands Cres,1.447310,103.802980,Red,"782B Woodlands Cres, 732782",732782,RUNNING,,,,,,Mon - Sun:  24 Hrs
2318,SGRVM0287,846 Woodlands Ave 4,1.443545,103.793485,Red,"846 Woodlands Ave 4, 730846",730846,RUNNING,,,,,,Mon - Sun:  24 Hrs
2319,SGRVM0278,756 Woodlands Ave 4 ,1.445721,103.793054,Red,"756 Woodlands Ave 4 , 730756",730756,RUNNING,,,,,,Mon - Sun:  24 Hrs
2320,B5481063,Prime Supermarket Toa Payoh Lorong 7,1.335753,103.856898,Blue,"Blk 18 Toa Payoh Lorong 7 #01-232, 310018",310018,FULL,"This machine is popular and can get busy. If there's a queue or the bin is full, your next best options nearby are Block 232 Lorong 8 Toa Payoh and SHENG SIONG BLK 4 TOA PAYOH LORONG 7. Check their status before heading over.",,,,,Mon - Sun:  24 Hrs
2321,SGRVM0294,770 Woodlands Drive 60,1.446654,103.798562,Red,"770 Woodlands Drive 60, 730770",730770,FULL,,,,,,Mon - Sun:  24 Hrs
2322,B5052512,Prime Supermarket Compassvale Street,1.394910,103.895900,Blue,"Blk 263 Compassvale Street #01-01, 540263",540263,RUNNING,,,,,,Mon - Sun:  24 Hrs
2323,B5481080,Prime Supermarket Jalan Tenteram,1.327754,103.861100,Blue,"Blk 116 Jalan Tenteram #01-02, 320116",320116,RUNNING,,,,,,Mon - Sun:  24 Hrs
2324,B5481108,"Little Farms Market, Serangoon Garden (Grocery store)",1.365100,103.865200,Blue,"1 Maju Ave, #01-12, 556679",556679,RUNNING,,,,,,Mon - Sun:  07:30 AM - 10:00 PM
2325,SGRVM0298,638 Woodlands Ring Rd,1.436844,103.803206,Red,"638 Woodlands Ring Rd, 730638",730638,RUNNING,,,,,,Mon - Sun:  24 Hrs
2326,SGRVM0305,622 Woodlands Drive 52,1.434202,103.798803,Red,"622 Woodlands Drive 52, 730622",730622,RUNNING,,,,,,Mon - Sun:  24 Hrs
2327,SGRVM0304,SHENG SIONG BLK 301 WOODLANDS ST 31 ,1.431460,103.773800,Red,"BLK 301 WOODLANDS ST 31 #01-217, 730301",730301,RUNNING,,,,,,Mon - Sun:  24 Hrs
2328,B5481126,"Little Farms Market, Sentosa",1.247000,103.839600,Blue,"1 Cove Ave, #02-13, 098537",098537,RUNNING,,,,,,Mon - Sun:  07:30 AM - 09:30 PM
2329,SGRVM0315,728 Woodlands Cir,1.442851,103.798873,Red,"728 Woodlands Cir, 730728",730728,RUNNING,,,,,,Mon - Sun:  24 Hrs
2330,SGRVM0318,Giant IMM,1.335960,103.747000,Red,"2 Jurong East St 21 #01-100 IMM Building, 609601",609601,ERROR,,,,,,"Mon - Thu:  09:00 AM - 11:00 PM, Fri, Sun:  08:00 AM - 11:00 PM, Sat:  08:00 AM - 12:00 AM"
2331,SGRVM0319,Cold Storage Clementi Arcade,1.323390,103.767600,Red,"41 Sunset Way #01-01A Clementi Arcade, 597071",597071,RUNNING,,,,,,Mon - Sun:  08:00 AM - 10:00 PM
2332,SGRVM0320,U STARS 345 Clementi Ave 5,1.317670,103.769000,Red,"345 CLEMENTI AVENUE 5 #01-78, S(120345), 120345",120345,RUNNING,,,,,,Mon - Sun:  24 Hrs
2333,SGRVM0321,Cold Storage West Coast Plaza,1.303700,103.765900,Red,"154 West Coast Road #B1-19 West Coast Plaza, 127371",127371,RUNNING,Located next to check-out counters,,,,,Mon - Sun:  08:00 AM - 10:00 PM
2334,SGRVM0322,SHENG SIONG BLK 720 CLEMENTI WEST STREET 2 ,1.302410,103.763700,Red,"BLK 720 CLEMENTI WEST STREET 2 #01-144, 120720",120720,RUNNING,,,,,,Mon - Sun:  24 Hrs
2335,20254909871,U STARS @Elias Mall,1.378100,103.942060,Green,"625 ELIAS ROAD #01-302, ELIAS MALL S(510625), 510625",510625,FULL,,,,,,Mon - Sun:  24 Hrs
2336,SGRVM0325,SHENG SIONG BLK 446 FAJAR ROAD,1.383740,103.770600,Red,"BLK 446 FAJAR ROAD #01-01, 670446",670446,CLEANING,,,,,,Mon - Sun:  24 Hrs
2337,20255010202,SHENG SIONG BLK 527D PASIR RIS STREET 51 ,1.369606,103.947870,Green,"BLK 527D PASIR RIS STREET 51 #01-01, 514527",514527,RUNNING,,,,,,Mon - Sun:  24 Hrs
2339,SGRVM0329,306 Clementi Ave 4,1.321496,103.765888,Red,"306 Clementi Ave 4, 120306",120306,RUNNING,,,,,,Mon - Sun:  24 Hrs
2340,20255010213,Giant Pasir Ris Drive 4,1.369054,103.958760,Green,"Blk 440 Pasir Ris Drive 4 #01-01, 510440",510440,RUNNING,,,,,,Mon - Sun:  24 Hrs
2343,20255010209,Prime Supermarket Tampines North Drive 1,1.364553,103.937000,Green,"Blk 610 Tampines North Drive 1 #01-11, 520610",520610,RUNNING,,,,,,Mon - Sun:  24 Hrs
2345,20254709486,Giant Hypermarket Tampines,1.372155,103.931982,Green,"21 Tampines North Drive 2 #03-01, 528765",528765,RUNNING,,,,,,Mon - Sun:  07:00 AM - 11:00 PM
2346,20255110629,FairPrice Tampines CC,1.355372,103.934420,Green,"Block 866A Tampines Street 83 #01-01 (521866), 521866",521866,RUNNING,,,,,,Mon - Sun:  07:00 AM - 11:00 PM
2347,SGRVM0341,FairPrice Yishun MRT,1.429380,103.835100,Red,"301 Yishun Ave 2, #01-02 Yishun MRT Station (769093), 769093",769093,RUNNING,,,,,,Mon - Sun:  07:00 AM - 11:30 PM
2348,20254909867,SHENG SIONG BLK 872C TAMPINES STREET 86,1.355206,103.931570,Green,"BLK 872C TAMPINES STREET 86 #02-01, 523872",523872,RUNNING,,,,,,Mon - Sun:  07:00 AM - 11:00 PM
2349,20255110628,U STARS @878C Tampines Ave 8,1.351348,103.929466,Green,"878C TAMPINES AVENUE 8 #01-65, S(523878), 523878",523878,RUNNING,,,,,,Mon - Sun:  07:00 AM - 11:00 PM
2350,20255010455,Prime Supermarket Tampines Street 81,1.348930,103.934090,Green,"Blk 823 Tampines St 81 #01-160, 520823",520823,RUNNING,,,,,,Mon - Sun:  24 Hrs
2351,B5481078,MUSTAFA,1.309800,103.855472,Blue,"145 Syed Alwi Road, 207704",207704,RUNNING,,,,,,Mon - Sun:  24 Hrs
2352,SGRVM0346,429 Clementi Ave 3,1.312930,103.762810,Red,"429 Clemnti Ave 3, 120429",120429,RUNNING,,,,,,Mon - Sun:  24 Hrs
2353,20255110621,FairPrice Our Tampines Hub,1.352782,103.939620,Green,"1 Tampines Walk, Our Tampines Hub #B1-01 (528523), 528523",528523,RUNNING,,,,,,Mon - Sun:  08:00 AM - 11:00 PM
2355,SGRVM0425,FairPrice West Coast Wet Market,1.311910,103.759300,Red,"Block 502 West Coast Drive #01-41 (120502), 120502",120502,RUNNING,,,,,,Mon - Sun:  07:00 AM - 11:00 PM
2358,20255110623,ONE Supermarket Pte. Ltd.,1.353386,103.953078,Green,"Blk 201B Tampines St 21, #01-1091, 522201",522201,FULL,,,,,,Mon - Sun:  06:30 AM - 10:30 PM
2359,SGRVM0349,SHENG SIONG BLK 18 TECK WHYE LANE ,1.378240,103.754300,Red,"BLK 18 TECK WHYE LANE #01-95, 680018",680018,RUNNING,,,,,,Mon - Sun:  24 Hrs
2360,SGRVM0350,Cold Storage Lentor Modern,1.385690,103.834200,Red,"1 Lentor Central #01-01 Lentor Modern, 788887",788887,RUNNING,,,,,,Mon - Sun:  10:00 AM - 10:00 PM
2361,20255010465,FairPrice Blk 475 Tampines Street 44,1.360422,103.953260,Green,"Block 475 Tampines Street 44 #01-145 (520475), 520475",520475,RUNNING,,,,,,Mon - Sun:  24 Hrs
2362,SGRVM0351,SHENG SIONG NO.1 WOODLANDS ROADS ,1.380750,103.759800,Red,"NO.1 WOODLANDS ROADS #01-07, 677899",677899,RUNNING,,,,,,Mon - Sun:  07:00 AM - 11:00 PM
2363,20255010466,Giant Tampines Mart,1.353795,103.960570,Green,"9 Tampines St 32 #01-30, 529286",529286,RUNNING,,,,,,Mon - Sun:  24 Hrs
2364,SGRVM0352,FairPrice Blk 511 Canberra Road,1.453830,103.819600,Red,"Block 511 Canberra Road #02-03 (750511), 750511",750511,RUNNING,,,,,,Mon - Sun:  07:00 AM - 11:00 PM
2365,20255010462,FairPrice East Point,1.342730,103.953010,Green,"3 Simei Street 6 #05-01 Eastpoint (528833), 528833",528833,RUNNING,,,,,,Mon - Sun:  24 Hrs
2366,SGRVM0353,SHENG SIONG BLK 467 BUKIT BATOK WEST AVENUE 9 ,1.357150,103.743500,Red,"BLK 467 BUKIT BATOK WEST AVENUE 9 #01-01, 650467",650467,RUNNING,,,,,,Mon - Sun:  07:00 AM - 11:00 PM
2367,20254909883,Prime Supermarket Tampines Street 96,1.342323,103.937000,Green,"Blk 954C Tampines St 96 #01-08, 523954",523954,RUNNING,,,,,,Mon - Sun:  07:00 AM - 11:00 PM
2369,20254709348,SHENG SIONG BLK 539A BEDOK NORTH STREET 3 ,1.332298,103.925590,Green,"BLK 539A BEDOK NORTH STREET 3 #01-477, 461539",461539,RUNNING,,,,,,Mon - Sun:  24 Hrs
2370,SGRVM0355,Raj Agro Kranji,1.429010,103.752700,Red,"11 KRANJI CLOSE #01-17/18, 737673",737673,RUNNING,,,,,,Mon - Sun:  08:30 AM - 09:30 PM
2371,20254909872,Giant Express 509 Bedok North St 3,1.333346,103.931340,Green,"Blk 509 Bedok North St 3 #01-121, 460509",460509,RUNNING,,,,,,Mon - Sun:  07:00 AM - 10:00 PM
2372,SGRVM0356,U STARS @817 Keat Hong Link,1.376900,103.749400,Red,"817 KEAT HONG LINK #01-14, MULTI STOREY CAR PARK S(680817), 680817",680817,RUNNING,"This machine is popular and can get busy. If there's a queue or the bin is full, your next best options nearby are Blk 112 Teck Whye Lane and Blk 234 Choa Chu Kang Central. Check their status before heading over.",,,,,Mon - Sun:  07:00 AM - 11:00 PM
2373,SGRVM0357,FairPrice Yew Tee Mrt,1.397460,103.747500,Red,"61 Choa Chu Kang Drive #01-01 Yew Tee MRT Station (689715), 689715",689715,RUNNING,,,,,,Mon - Sun:  24 Hrs
2374,20255010215,Giant Bedok Market Place,1.330824,103.947510,Green,"348 Bedok Road #01-01 Bedok Market Place, 469560",469560,RUNNING,,,,,,Mon - Sun:  24 Hrs
2375,SGRVM0358,FairPrice Canberra Plaza,1.442970,103.830600,Red,"Block 133 Canberra View #B1-03/04 Canberra Plaza (750133), 750133",750133,RUNNING,,,,,,Mon - Sun:  08:00 AM - 11:00 PM
2376,20254508917,FairPrice New Upper Changi Road,1.324679,103.941460,Green,"57 NEW UPPER CHANGI ROAD #01-1334,#01-1336,#01-1338, S(461057), 461057",461057,FULL,,,,,,Mon - Sun:  24 Hrs
2377,SGRVM0359,FairPrice Teck Whye,1.380050,103.753200,Red,"Block 140 Teck Whye Lane #01-351 (680140), 680140",680140,RUNNING,,,,,,Mon - Sun:  24 Hrs
2378,20254809583,"SHENG SIONG 151 BEDOK SOUTH ROAD, SIGLAP CC",1.317275,103.946576,Green,"151 BEDOK SOUTH ROAD #01-13, 460151",460151,RUNNING,,,,,,Mon - Sun:  07:00 AM - 11:00 PM
2380,20255010444,FairPrice Blk 29B Chai Chee Avenue,1.324367,103.923770,Green,"Block 29B Chai Chee Avenue #01-62 (462029), 462029",462029,RUNNING,,,,,,Mon - Sun:  24 Hrs
2381,SGRVM0361,FairPrice Yew Tee Point,1.397160,103.746800,Red,"21 Choa Chu Kang North 6 Yew Tee Point #B1-01 (689578), 689578",689578,RUNNING,,,,,,Mon - Sun:  07:00 AM - 11:00 PM
2382,SGRVM0362,FairPrice Limbang Shopping Centre,1.392050,103.743400,Red,"Block 533 Choa Chu Kang Street 51 #01-01 Limbang Shopping Centre (680533), 680533",680533,RUNNING,,,,,,Mon - Sun:  07:00 AM - 11:00 PM
2383,20255010454,Giant Kampung Ubi Avenue 1,1.329935,103.901990,Green,"Blk 306 Ubi Ave 1 #01-185, 400306",400306,RUNNING,"This machine is popular and can get busy. If there's a queue or the bin is full, your next best options nearby are Blk 319 Ubi Avenue 1; Blk 358B Ubi Road 3; Blk 637 Bedok Reservoir Road. Check their status before heading over.",,,,,Mon - Sun:  07:00 AM - 11:00 PM
2384,SGRVM0363,FairPrice JEM,1.332830,103.743100,Red,"50 Jurong Gateway Road JEM #B1-21/22 & #B3-01 (608549), 608549",608549,RUNNING,"This machine is popular and can get busy. If there's a queue or the bin is full, your next best options nearby are SCARLETT@WESTGATE, #B2-01 and Don Don Donki JEM, #02-24/26 & #03-27/29. Check their status before heading over.",,,,,Mon - Sun:  07:00 AM - 11:00 PM
2385,20255010211,Prime Supermarket Eunos Road 2,1.321505,103.901900,Green,"Blk 37 Eunos Road 2 #01-01, 400037",400037,RUNNING,,,,,,Mon - Sun:  24 Hrs
2386,SGRVM0364,Don Don Donki (Jurong East Mall),1.332660,103.743200,Red,"50 Jurong Gateway Road, Jem, #02-24/26 & #03-27/29, 608549",608549,RUNNING,,,,,,Mon - Sun:  11:00 AM - 11:00 PM
2387,20254809778,SHENG SIONG BLK 118 ALJUNIED  AVE 2 ,1.319973,103.887167,Green,"BLK 118 ALJUNIED  AVE 2 #01-100, 380118",380118,RUNNING,,,,,,Mon - Sun:  07:00 AM - 11:00 PM
2389,SGRVM0367,Grindelwald Supermarket,1.322070,103.770400,Red,"Blk 108 Clementi Street 11 #01-K1, 120108",120108,OFFLINE,,,,,,Mon - Sun:  07:00 AM - 10:00 PM
2390,20255010451,FairPrice Blk 114 Aljunied Ave 2,1.321675,103.886720,Green,"Block 114 Aljunied Ave 2 #01-75 (380114), 380114",380114,RUNNING,,,,,,Mon - Sun:  24 Hrs
2392,20255010201,SCARLETT@GEYLANG ROAD,1.312811,103.879180,Green,"317/319, GEYLANG ROAD, 389356",389356,RUNNING,,,,,,Mon - Sun:  24 Hrs
2394,20255010206,FairPrice 41 Jalan Tiga,1.308026,103.884650,Green,"Block 41 Jalan Tiga #01-05 (390041), 390041",390041,RUNNING,,,,,,Mon - Sun:  24 Hrs
2395,SGRVM0370,Giant Choa Chu Kang Avenue 3,1.378020,103.739000,Red,"475 Choa Chu Kang Ave 3 #01-01/10, 680475",680475,RUNNING,,,,,,Mon - Sun:  24 Hrs
2396,B5481005,Isetan Scotts Supermarket,1.305906,103.831400,Blue,"350 ORCHARD ROAD #B1-00, 238868",238868,RUNNING,,,,,,Mon - Sun:  10:00 AM - 09:00 PM
2397,20254508911,FairPrice Old Airport Hawker Centre,1.308463,103.886231,Green,"Blk 51 Old Airport Road #02-01 Singapore 390051, 390051",390051,RUNNING,,,,,,Mon - Sun:  07:00 AM - 11:00 PM
2398,SGRVM0371,SHENG SIONG BLK 352 CLEMENTI AVE 2 ,1.315080,103.771100,Red,"BLK 352 CLEMENTI AVE 2 #01-91/99, 120352",120352,RUNNING,,,,,,Mon - Sun:  24 Hrs
2400,SGRVM0373,FairPrice Boon Lay Shopping Complex,1.346630,103.712000,Red,"Blk 221 Boon Lay Place #02-200 Boon Lay Shopping Complex (640221), 640221",640221,RUNNING,,,,,,Mon - Sun:  24 Hrs
2401,20255010212,"Blk 141, Bedok Reservoir Road",1.335416,103.913312,Green,"Blk 141, Bedok Reservoir Road, 470141",470141,RUNNING,,,,,,Mon - Sun:  24 Hrs
2402,SGRVM0366,Giant Yishun Street 22,1.436480,103.837800,Red,"Blk 293 Yishun St 22 #01-261, 760293",760293,RUNNING,,,,,,Mon - Sun:  24 Hrs
2403,SGRVM0374,FairPrice 451 Clementi Avenue 3,1.312780,103.765900,Red,"Blk 451 Clementi Ave 3 #01-307 (120451), 120451",120451,RUNNING,"This machine is popular and can get busy. If there's a queue or the bin is full, your next best options nearby are Blk 454 Clementi Ave 3; Blk 445 Clementi Ave 3; SCARLETT, Grantral Mall, #02-11/12. Check their status before heading over.",,,,,Mon - Sun:  24 Hrs
2404,SGRVM0375,SHENG SIONG BLK 544 JURONG WEST ST 42 ,1.352410,103.715700,Red,"BLK 544 JURONG WEST ST 42 #01-97/99, 640544",640544,RUNNING,,,,,,Mon - Sun:  24 Hrs
2405,SGRVM0376,Prime Supermarket Blk 253 Choa Chu Kang,1.377440,103.744390,Red,"Blk 253 Choa Chu Kang Ave 1 #B1-10, 680253",680253,RUNNING,"This machine is popular and can get busy. If there's a queue or the bin is full, your next best options nearby are Blk 274 Choa Chu Kang Ave 2 and Blk 808B Choa Chu Kang Ave 1. Check their status before heading over.",,,,,Mon - Sun:  24 Hrs
2406,SGRVM0377,FairPrice Bukit Panjang Plaza,1.381330,103.764300,Red,"No.1 Jelebu Rd, #01-15 & #02-20 Bukit Panjang Plaza (677743), 677743",677743,RUNNING,,,,,,Mon - Sun:  08:00 AM - 11:00 PM
2407,20254909877,FairPrice Pasir Ris West Plaza,1.379885,103.936480,Green,"Blk 734 Pasir Ris St 72 #01-37 Pasir Ris West Plaza (510734), 510734",510734,RUNNING,,,,,,Mon - Sun:  24 Hrs
2408,SGRVM0378,Giant Bukit Batok East Avenue 3,1.346610,103.757200,Red,"Blk 284 Bukit Batok East Ave 3 #01-251, 650284",650284,RUNNING,,,,,,Mon - Sun:  24 Hrs
2409,20254909866,FairPrice Whitesands,1.372416,103.946650,Green,"1 Pasir Ris Central Sreet 3 #B1-10 Whitesands (518457), 518457",518457,RUNNING,,,,,,Mon - Sun:  08:00 AM - 11:00 PM
2410,B5052510,Food-Joy Buona Vista,1.280567,103.786900,Blue,"24 SOUTH BUONA VISTA ROAD #01-01, 118157",118157,RUNNING,,,,,,Mon - Sun:  24 Hrs
2413,B5052542,FairPrice Bukit Merah,1.283092,103.817600,Blue,"Blk 166 Bukit Merah Central #01-3531 & 02-3531 (150166), 150166",150166,RUNNING,,,,,,Mon - Sun:  07:00 AM - 10:00 PM
2414,SGRVM0380,U STARS @810 Cha Chu Kang Ave 7,1.374020,103.746200,Red,"810 CHOA CHU KANG AVENUE 7 #01-01, MULTI STOREY CAR PARK S(680810), 680810",680810,RUNNING,,,,,,Mon - Sun:  24 Hrs
2415,20255010446,FairPrice Downtown East,1.378897,103.955070,Green,"e! Hub Downtown East 1 Pasir Ris Close #02-127 (519599), 519599",519599,RUNNING,,,,,,Mon - Sun:  08:00 AM - 11:00 PM
2416,SGRVM0381,SCARLETT@PLANTATION PLAZA,1.357210,103.734000,Red,"127 PLANTATION CRESCENT, #03-04 PLANTATION PLAZA, 690127",690127,RUNNING,,,,,,Mon - Sun:  09:00 AM - 11:00 PM
2417,20254909884,Giant Loyang Point,1.366580,103.964452,Green,"259 Pasir Ris Street 21  #01-27 Loyang Point, 510259",510259,FULL,,,,,,Mon - Sun:  24 Hrs
2418,SGRVM0382,FairPrice Tengah Parc Point,1.361000,103.738500,Red,"302 Tengah Park Avenue #B1-01/02 , Tengah Parc Point 690302, 690302",690302,RUNNING,,,,,,Mon - Sun:  08:00 AM - 11:00 PM
2419,20254909821,SHENG SIONG BLK 258 PASIR RIS ST 21 ,1.367262,103.965172,Green,"BLK 258 PASIR RIS ST 21 #02-10, 510258",510258,RUNNING,,,,,,Mon - Sun:  07:00 AM - 11:00 PM
2420,SGRVM0383,Giant Tengah Plantation Plaza,1.357120,103.733995,Red,"Plantation Plaza  #B1-06 Block 127 Plantation Crescent, 690127",690127,RUNNING,,,,,,Mon - Sun:  08:00 AM - 10:00 PM
2421,SGRVM0384,FairPrice 280 Bukit Batok East Avenue 3,1.347730,103.757000,Red,"Block 280 Bukit Batok East Avenue 3 #01-315 (650280), 650280",650280,RUNNING,,,,,,Mon - Sun:  24 Hrs
2422,20254909873,FairPrice Blk 633 Tampines North Drive 2,1.365258,103.941130,Green,"Block 633 Tampines North Dr 2 #01-01 Singapore 520633, 520633",520633,RUNNING,,,,,,Mon - Sun:  24 Hrs
2424,20255010448,U STARS @Tampines Grove,1.349257,103.934830,Green,"829 TAMPINES STREET 81 #01-272,#01-274,#01-276,#01-278, TAMPINES GROVE S(520829), 520829",520829,RUNNING,,,,,,Mon - Sun:  24 Hrs
2426,20255010458,FairPrice Century Square Shopping Mall,1.352620,103.943683,Green,"2 Tampines Central 5, #B1-07 Century Square S(529509 ), 529509",529509,RUNNING,,,,,,Mon - Sun:  08:00 AM - 11:00 PM
2428,20255010459,Cold Storage Tampines One,1.354212,103.945030,Green,"10 Tampines Central 1 Tampines 1 #B1-01/02, 529536",529536,RUNNING,,,,,,Mon - Sun:  08:00 AM - 10:30 PM
2431,20255010447,BITES BY SCARLETT@TAMPINES ONE,1.354495,103.944960,Green,"10 TAMPINES CENTRAL 1, #03-08/09 TAMPINES ONE, 529536",529536,RUNNING,,,,,,Mon - Sun:  09:00 AM - 11:00 PM
2436,20255110626,FairPrice Blk 107 Tampines Street 11,1.348199,103.947830,Green,"Block 107 Tampines Street 11 #01-353/355/357/359 (521107), 521107",521107,RUNNING,,,,,,Mon - Sun:  24 Hrs
2440,20255110625,FairPrice Finest Komo Shoppes,1.360361,103.970140,Green,"963C Upper Changi Road North, #01- 01 to 07, Komo Shoppes S(506790), 506790",506790,RUNNING,,,,,,Mon - Sun:  08:00 AM - 11:00 PM
2444,20254909881,Giant Simei MRT,1.343147,103.953420,Green,"30 Simei Street 3 #01-01 Simei MRT Station, 529888",529888,RUNNING,"This machine is popular and can get busy. If there's a queue or the bin is full, your next best options nearby are Blk 106 Simei Street 1; FairPrice East Point, #05-01; Blk 108 Simei Street 1. Check their status before heading over.",,,,,Mon - Sun:  07:00 AM - 12:00 AM
2446,20254909878,FairPrice Changi Business Park,1.335169,103.963497,Green,"8 Changi Business Park Ave 1 #01-51& #02-51 (486018), 486018",486018,RUNNING,,,,,,Mon - Sun:  08:00 AM - 11:00 PM
2448,20254709344,SHENG SIONG BLK 739A BEDOK RESERVOIR ROAD ,1.338116,103.923287,Green,"BLK 739A BEDOK RESERVOIR ROAD #01-01, 471739",471739,RUNNING,,,,,,Mon - Sun:  24 Hrs
2450,20255010218,Sparrows 206 Bedok North Street 1,1.326464,103.930958,Green,"206 BEDOK NORTH STREET 1 #01-355 SINGAPORE 460206, 460206",460206,RUNNING,,,,,,Mon - Sun:  24 Hrs
2452,20254709491,SHENG SIONG BLK 209 NEW UPPER CHANGI ROAD ,1.324707,103.931068,Green,"BLK 209 NEW UPPER CHANGI ROAD #01-631 & #02-631, 460209",460209,RUNNING,,,,,,Mon - Sun:  24 Hrs
2454,20254709345,FairPrice Bedok North 212,1.325941,103.931596,Green,"Blk 212 Bedok North Street 1 #01-147/02-147 (460212), 460212",460212,RUNNING,,,,,,Mon - Sun:  24 Hrs
2455,B5481069,Meidi-Ya Great World City,1.293689,103.832000,Blue,"1 Kim Seng Promenade Great World City, #B2-111 to 121, 237994",237994,FULL,,,,,,"Mon - Fri:  09:30 AM - 10:00 PM, Sat - Sun & PH:  09:00 AM - 10:00 PM"
2457,20255010445,FairPrice Bedok Mall,1.324801,103.923310,Green,"311 New Upper Changi Road #B2-60 Bedok Mall (467360), 467360",467360,RUNNING,"This machine is popular and can get busy. If there's a queue or the bin is full, your next best options nearby are Prime Supermarket Blk 25A Chai Chee Rd, #01-459; FairPrice Blk 29B Chai Chee Ave, #01-62; Blk 61 Chai Chee Road; Blk 63 Chai Chee Road. Check their status before heading over.",,,,,Mon - Sun:  08:00 AM - 11:00 PM
2461,20254909879,FairPrice Paya Lebar Quarter,1.317627,103.893070,Green,"10 Paya Lebar Road #B2-09 Paya Lebar Quarter (409057), 409057",409057,RUNNING,,,,,,Mon - Sun:  08:00 AM - 11:00 PM
2464,20254909864,SCARLETT@PAYA LEBAR SQUARE,1.319155,103.892520,Green,"60 PAYA LEBAR ROAD, #B2-01/02/03/04/05 PAYA LEBAR SQUARE, 409051",409051,RUNNING,,,,,,Mon - Sun:  09:00 AM - 11:00 PM
2466,20254809587,SHENG SIONG 301 GEYLANG ROAD BCH BUILDING,1.312775,103.878656,Green,"301 GEYLANG ROAD BCH Building #01-02, 389344",389344,FULL,,,,,,Mon - Sun:  24 Hrs
2468,20254709343,"SHENG SIONG 11 TANJONG KATONG ROAD, KINEX",1.314445,103.894475,Green,"11 TANJONG KATONG ROAD (KINEX) #B1-36, 437157",437157,RUNNING,,,,,,Mon - Sun:  07:00 AM - 11:00 PM
2473,20254809802,FairPrice Katong V,1.303562,103.903070,Green,"30 East Coast Road Katong Village Hotel #01-06/07/08/09 (428751), 428751",428751,RUNNING,,,,,,Mon - Sun:  08:00 AM - 11:00 PM
2475,20254909888,Cold Storage Parkway Parade,1.301470,103.905150,Green,"80 Marine Parade Road #B1-84 Parkway Parade, 449269",449269,RUNNING,,,,,,Mon - Sun:  08:00 AM - 10:30 PM
2478,20255010220,FairPrice Changi Airport T3,1.355217,103.985920,Green,"65 Airport Boulevard, Basement 2 North Unit B2LS2 #B2-10 Terminal 3 (819663), 819663",819663,RUNNING,"This machine is popular and can get busy. If there's a queue or the bin is full, your next best option nearby is Changi Airport Terminal 2. Check its status before heading over.",,,,,Mon - Sun:  07:00 AM - 10:00 PM
2492,B5481121,"Little Farms Market, Tanglin Mall",1.305000,103.823800,Blue,"163 Tanglin Rd, #02-136, 247933",247933,RUNNING,,,,,,Mon - Sun:  08:30 AM - 09:30 PM
2496,B5481123,ACE MARKETPLACE (86RC),1.286924,103.818678,Blue,"86 Redhill Close, #01-610, 150086",150086,RUNNING,,,,,,Mon - Sun:  24 Hrs
2502,B5481127,Prime Supermarket Buangkok Square,1.384521,103.881600,Blue,"Blk 991 Buangkok Link #01-28 Buangkok Square, 530991",530991,RUNNING,,,,,,Mon - Sun:  07:30 AM - 10:00 PM
2515,SGRVM0018,Kampung Admiralty Hawker Centre,1.440109,103.800673,Red,"Block 676 Woodlands Drive 71, Kampung Admiralty B1-02, 730676",730676,RUNNING,,,,,,Mon - Sun:  24 Hrs
2516,20254909885,SCARLETT@DOWNTOWN E!HUB,1.376477,103.955240,Green,"7 PASIR RIS CLOSE, #01-101 DOWNTOWN E!HUB, 519599",519599,RUNNING,,,,,,Mon - Sun:  09:00 AM - 10:00 PM
2517,20255010464,FairPrice Blk 89 Bedok North Street 4,1.332907,103.937954,Green,"Block 89 Bedok North Street 4 #01-77/79 (460089), 460089",460089,RUNNING,,,,,,Mon - Sun:  24 Hrs
2518,20255010196,SHENG SIONG BLK 115 BEDOK NORTH ROAD ,1.331389,103.936830,Green,"BLK 115 BEDOK NORTH ROAD #01-319, 460115",460115,RUNNING,,,,,,Mon - Sun:  24 Hrs
2519,SGRVM0026,SHENG SIONG Woodlands Recreation Centre,1.450890,103.796900,Red,"200 WOODLANDS INDUSTRIAL PARK E7 #01-30, 757177",757177,RUNNING,,,,,,Mon - Sun:  07:00 AM - 12:00 AM
2521,SGRVM0034,214 Jurong East Street 21,1.339280,103.738940,Red,"214 Jurong East Street 21, 600214",600214,RUNNING,"This machine is popular and can get busy. If there's a queue or the bin is full, your next best options nearby are 234 Jurong East Street 21; 221A Jurong East Street 21; 112 Jurong East Street 13. Check their status before heading over.",,,,,Mon - Sun:  24 Hrs
2522,SGRVM0035,129 Pending Rd,1.375700,103.770420,Red,"129 Pending Rd, 670129",670129,RUNNING,,,,,,Mon - Sun:  24 Hrs
2523,B9051003,"SHENG SIONG NO.1 JALAN BERSEH, NEW WORLD CENTRE",1.307516,103.857405,Blue,"No.1 JALAN BERSEH #B1-02/22, 209037",209037,RUNNING,,,,,,Mon - Sun:  24 Hrs
2525,SGRVM0049,423 Choa Chu Kang Ave 4,1.382080,103.740370,Red,"423 Choa Chu Kang Ave 4, 680423",680423,RUNNING,,,,,,Mon - Sun:  24 Hrs
2526,SGRVM0054,Giant Yishun Avenue 11,1.424720,103.847100,Red,"Blk 418 Yishun Ave 11 #01-433, 760418",760418,RUNNING,,,,,,Mon - Sun:  07:00 AM - 11:00 PM
2527,B5052636,Culina at COMO Dempsey,1.305260,103.810343,Blue,"15 Dempsey Rd, 249675",249675,MAINTENANCE,,,,,,Mon - Sun:  09:00 AM - 10:00 PM
2529,B5481090,Supernature,1.305843,103.811359,Blue,"26 Dempsey Rd, #01-01, 249686",249686,RUNNING,,,,,,Mon - Sun:  08:00 AM - 08:00 PM
2536,20255010214,East Coast Lagoon Food Village,1.306833,103.935222,Green,"1220 East Coast Parkway, Singapore 468960, 468960",468960,RUNNING,,,,,,Mon - Sun:  24 Hrs
2537,20255010217,Bedok Food Centre,1.320339,103.955446,Green,"1 Bedok Road, Singapore 469572, 469572",469572,RUNNING,,,,,,Mon - Sun:  24 Hrs
2538,20255010197,Changi Village Hawker Centre,1.389225,103.988303,Green,"2 Changi Village Road, Singapore 500002, 500002",500002,FULL,,,,,,Mon - Sun:  24 Hrs
2539,20255010219,Changi Airport Terminal 1,1.361759,103.990904,Green,"80 Airport Boulevard, Singapore 819642, Level 1 Arrival East, 819642",819642,FULL,,,,,,Mon - Sun:  24 Hrs
2540,20255010207,Changi Airport Terminal 4,1.335982,103.982495,Green,"10 Airport Boulevard, Singapore 819665, Level 2M Outside Kopitiam, 819662",819662,RUNNING,,,,,,Mon - Sun:  24 Hrs
2541,20255010204,Changi Airport Terminal 2,1.355059,103.989027,Green,"60 Airport Boulevard, Singapore 819643, Level 2 Skytrain Platform at Departure North, 819643",819643,FULL,,,,,,Mon - Sun:  24 Hrs
2548,SGRVM0102,SCARLETT@SUN PLAZA,1.448270,103.819700,Red,"30 SEMBAWANG DRIVE, #03-13/14 SUN PLAZA, 757713",757713,RUNNING,,,,,,Mon - Sun:  09:00 AM - 11:00 PM
2549,SGRVM0116,Giant Woodlands Mart,1.445600,103.798000,Red,"Blk 768 Woodlands Ave 6 #01-34 Woodlands Mart, 730768",730768,RUNNING,,,,,,Mon - Sun:  24 Hrs
2550,SGRVM0117,Bazaar Terusan Recreation Centre,1.320510,103.727100,Red,"#33/34, TERUSAN RECREATION CENTRE, 1 JALAN PAPAN ROAD, 619392",619392,RUNNING,,,,,,Mon - Sun:  11:00 AM - 11:00 PM
2551,SGRVM0121,ANG MO SUPERMARKET-693 WOODLANDS AVE 6,1.438070,103.803800,Red,"BLK 693 WOODLANDS AVE 6 #01-01 SINGAPORE 734693, 730693",730693,OFFLINE,,,,,,
2552,SGRVM0127,Ajmal Trade Mart -  Kranji Lodge One,1.431670,103.759900,Red,"No.12 Kranji Road, Kranji Lodge One, 739522",739522,RUNNING,,,,,,Mon - Sun:  05:30 AM - 11:30 PM
2554,SGRVM0161,Chap He Diam Migrant Worker's Recreation Centre,1.332350,103.698900,Red,"51 SOON LEE ROAD #01-51A, CHAP HE DIAM, 628088",628088,OFFLINE,"This machine is popular and can get busy. If there's a queue or the bin is full, your next best option nearby is 656B Jurong West Street 61. Check its status before heading over.",,,,,Mon - Sun:  10:00 AM - 10:00 PM
2555,SGRVM0159,Don Don Donki (Northpoint City),1.429340,103.835900,Red,"930 Yishun Avenue 2, Northpoint City, #B1-06/07 (North Wing), 769098",769098,RUNNING,,,,,,Mon - Sun:  09:00 AM - 11:00 PM
2556,SGRVM0167,Nawas Global - Tuas South Dormitory,1.271640,103.633500,Red,"NO.3 TUAS SOUTH STREET 12, #01-16 TUAS SOUTH DORMITORY, 636947",636947,RUNNING,,,,,,Mon - Sun:  05:30 AM - 11:30 PM
2557,SGRVM0168,Ajmal Super Market - Tuas View Dormitory,1.314760,103.626600,Red,"NO.70 TUAS SOUTH AVENUE 1, #01-40 TUAS VIEW DORMITORY, 637285",637285,RUNNING,,,,,,Mon - Sun:  05:30 AM - 11:30 PM
2558,SGRVM0211,7 Seven Trichy Supermarket North Coast Lodge,1.456100,103.787300,Red,"51 North Coast Avenue, #01-02 North Coast Lodge, 756992",756992,RUNNING,,,,,,Mon - Sun:  09:00 AM - 10:00 PM
2559,SGRVM0231,Ajmal Trading Group - Kranji Recreation Centre,1.429000,103.752700,Red,"11 Kranji Close, #01-02/03 Kranji Recreation Centre, 737673",737673,RUNNING,,,,,,Mon - Sun:  11:00 AM - 10:00 PM
2560,SGRVM0247,Ajmal Trading Group - Woodlands Westlite Dormitory,1.461430,103.809500,Red,"NO.2 WOODLANDS SECTOR 2, #01-05 WESTLITE DORMITORY, 737723",737723,RUNNING,,,,,,Mon - Sun:  05:30 AM - 11:30 PM
2561,SGRVM0283,Prime Supermarket Blk 142 Teck Whye Lane,1.380800,103.752000,Red,"Blk 142 Teck Whye Lane #01-281, 680142",680142,FULL,,,,,,Mon - Sun:  06:00 AM - 09:00 PM
2562,SGRVM0337,Phan Nee #01-21 SUNGEI TENGAH LODGE,1.376030,103.718798,Red,"#01-21 SUNGEI TENGAH LODGE, 500 OLD CHOA CHU KANG ROAD, 698924",698924,OFFLINE,,,,,,Mon - Sun:  06:00 AM - 11:00 PM
2563,SGRVM0348,Prime Supermarket Blk 768 Woodlands Ave 6,1.445840,103.797900,Red,"Blk 768 Woodlands Ave 6 #01-02, 730768",730768,FULL,,,,,,Mon - Sun:  07:00 AM - 11:00 PM
2564,SGRVM0354,SCARLETT@YISHUN 10 CINEMA COMPLEX,1.429930,103.836400,Red,"51 YISHUN CENTRAL 1, #01-03 YISHUN 10 CINEMA COMPLEX, 768794",768794,RUNNING,,,,,,Mon - Sun:  09:00 AM - 11:00 PM
2565,SGRVM0365,Phan Nee #01-02 SUNGEI TENGAH LODGE,1.376030,103.718800,Red,"#01-02 SUNGEI TENGAH LODGE, 500 OLD CHOA CHU KANG ROAD, 698924",698924,OFFLINE,,,,,,Mon - Sun:  06:00 AM - 11:00 PM
2566,SGRVM0368,Ajmal Trading Group - Jalan Papan Aspri Westlite,1.323050,103.727400,Red,"NO.5D JALAN PAPAN, #01-31 WEST LITE DORMITORY, 619421",619421,OFFLINE,,,,,,Mon - Sun:  05:30 AM - 11:30 PM
2567,SGRVM0369,Don Don Donki (Bukit Panjang Plaza),1.380000,103.764300,Red,"1 Jelebu Road Bukit Panjang Plaza #03-06/06A/06B/07/07A/09, 677743",677743,RUNNING,,,,,,Mon - Sun:  10:00 AM - 11:00 PM
2568,SGRVM0372,Redman by Phoon Huat,1.379960,103.764300,Red,"1 Jelebu Road, #01-33/34, Singapore 677743, 677743",677743,RUNNING,,,,,,Mon - Sun:  10:00 AM - 10:00 PM
2569,SGRVM0032,Chennai Trading & Supermart - 1 Jalan Papan,1.320510,103.727100,Red,"1 Jalan Papan , Terusan Recreation Centre, #01-35/36, 619392",619392,RUNNING,,,,,,
2570,SGRVM0076,"SHENG SIONG 18 YISHUN AVE 9,  JUNCTION NINE",1.433140,103.841700,Red,"18 YISHUN AVE 9 #02-06 to #02-10 JUNCTION NINE , 768897",768897,RUNNING,,,,,,Mon - Sun:  07:00 AM - 11:00 PM
2576,20254509013,"Blk 768, Pasir Ris Street 71",1.375164,103.935339,Green,"Blk 768, Pasir Ris Street 71, 510768",510768,RUNNING,,,,,,
2579,20254909870,FairPrice Tampines Blk 138 Tampines Street 11,1.345461,103.945620,Green,"Block 138 Tampines Street 11 #01-136 (521138), 521138",521138,RUNNING,,,,,,
2581,20255110627,ACE SIGNATURE @ LIV CHANGI,1.358659,103.969439,Green,"933 Upper Changi Road North, #01-01 to #01-08, 506785",506785,RUNNING,,,,,,Mon - Sun:  07:00 AM - 11:00 PM
2584,20254809785,Blk 12 Kampong Arang Rd,1.300841,103.883721,Green,"Blk 12 Kampong Arang Rd, 431012",431012,RUNNING,,,,,,
2596,B5481058,U STARS @215C Compassvale Drive,1.389900,103.892900,Blue,"215C COMPASSVALE DRIVE #01-01, S(543215), 543215",543215,RUNNING,,,,,,Mon - Sun:  24 Hrs
2601,20254709515,"Blk 65, New Upper Changi Road",1.324682,103.939735,Green,"Blk 65, New Upper Changi Road, 460065",460065,RUNNING,,,,,,Mon - Sun:  24 Hrs
2604,20254809798,SHENG SIONG BLK 506 TAMPINES CENTRAL 1,1.356127,103.945941,Green,"BLK 506 TAMPINES CENTRAL 1 #01-361 / #02-361, 520506",520506,RUNNING,,,,,,Mon - Sun:  24 Hrs
2605,SGRVM0008,145 Yishun Street 11,1.430850,103.831850,Red,"145 Yishun Street 11, 760145",760145,RUNNING,,,,,,
2620,SGRVM0198,Bazaar Westlite Toh Guan Dormitory,1.318093,103.751808,Red,"28 TOH GUAN ROAD, #02-02, 608596",608596,RUNNING,,,,,,
2655,SGRVM0081,Prime Supermarket Blk 761 Yishun,1.425120,103.833300,Red,"Blk 761 Yishun St 72 #01-354, 760761",760761,RUNNING,,,,,,
2656,B5481210,All India Supermart Pte Ltd,1.308048,103.854285,Blue,"41 Norris Road, 208282",208282,FULL,,,,,,
2657,20254508882,"Blk 72, Marine Drive",1.304247,103.908370,Green,"Blk 72, Marine Drive, 440072",440072,RUNNING,,,,,,
2658,20254909874,FairPrice Bedok Reservoir ,1.337309,103.921704,Green,"Block 745 Bedok Reservoir Road #01-3015 (470745), 470745",470745,RUNNING,,,,,,
2659,20255110624,TRIPLE N SUPERMART PTE LTD,1.337294,103.905985,Green,"No 7 KAKI BUKIT AVE 3, KAKI BUKIT RECRACTION CENTER, 415814",415814,RUNNING,,,,,,
2661,SGRVM0124,BISMILLAH MINIMART 32 MANDAI,1.407665,103.755714,Red,"32 MANDAI ESTATE #01-02, 729939",729939,RUNNING,,,,,,
2662,20254909889,Lion City Supermarket Geylang Road,1.312578,103.880025,Green,"349 Geylang Road, Singapore, 389370",389370,RUNNING,"This machine is popular and can get busy. If there's a queue or the bin is full, your next best options nearby are Sheng Siong, 301 Geylang Road (BCH Building) and SCARLETT, 317/319 Geylang Road. Check their status before heading over.",,,,,
2663,SGRVM0385,361 Sembawang Crescent,1.446401,103.813932,Red,"361 Sembawang Cres, 750361",750361,RUNNING,,,,,,
2664,SGRVM0389,Yishun Park Hawker,1.425023,103.842145,Red,"51 Yishun Ave 11, 768867",768867,RUNNING,,,,,,
2665,SGRVM0420,SHENG SIONG BLK 120 CANBERRA CRESCENT,1.445803,103.829193,Red,"BLK 120 CANBERRA CRESCENT #01-10, 750120",750120,RUNNING,,,,,,
2666,SGRVM0421,Bukit Canberra Hawker Centre,1.448995,103.822918,Red,"21 Canberra Link, 756973",756973,RUNNING,,,,,,
2667,SGRVM0422,Sembawang Recreation Centre,1.458517,103.819277,Red,"301 Canberra Road, 759774",759774,RUNNING,,,,,,
2668,B5052929,Serangoon Garden Market,1.363185,103.866586,Blue,"49A Serangoon Garden Way, 555945",555945,RUNNING,,,,,,
2669,B5052930,Chomp Chomp Food Centre,1.364391,103.866339,Blue,"20 Kensington Park Road, 557269",557269,RUNNING,,,,,,
2670,B5052928,Fernvale Hawker Centre & Market,1.391640,103.877011,Blue,"21 Sengkang W Ave, Fernvale Community Club, 797650",797650,RUNNING,,,,,,
2671,B5052931,Phan 66 PPT Lodge 1A Dormitory,1.419655,103.896353,Blue,"8 Seletar North Link #01-03, PPT Lodge 1A, 797455",797455,FULL,,,,,,
2672,B5052937,SHENG SIONG THOMSON IMPERIAL COURT,1.351676,103.836111,Blue,"200 UPPER THOMSON RD, #B1-01, THOMSON IMPERIAL COURT, 574424",574424,OFFLINE,,,,,,
2673,B5052939,SCARLETT@AMK 710A,1.370683,103.847982,Blue,"BLK 710A, ANG MO KIO AVE 8 #01-2625, 561710",561710,RUNNING,,,,,,
2674,20254909886,Pasir Ris Central Hawker Centre,1.373409,103.951652,Green,"110 Pasir Ris Central, 519641",519641,RUNNING,,,,,,
2675,B5052923,Zion Riverside Food Centre,1.292431,103.831245,Blue,"70 Zion Road, 247792",247792,RUNNING,,,,,,
2676,SGRVM0214,Taman Jurong Market & Food Centre,1.334853,103.722067,Red,"3 Yung Sheng Rd, 618499",618499,RUNNING,,,,,,
2677,SGRVM0390,Senja Hawker Centre,1.387105,103.760934,Red,"2 Senja Close, 677632",677632,RUNNING,,,,,,
2678,SGRVM0393,SACHI MINIMART PTE LTD,1.318093,103.731730,Red,"CASSIA@PENJURU, 23 PENJURU WALK #3-81, 608537",608537,OFFLINE,,,,,,
2679,SGRVM0399,Bukit Batok West Hawker Centre,1.355543,103.742105,Red,"469 Bukit Batok West Ave 9, 650469",650469,RUNNING,,,,,,
2680,SGRVM0401,Bukit Panjang Hawker Centre,1.377446,103.772572,Red,"2 Bukit Panjang Ring Rd, 679947",679947,RUNNING,,,,,,
2681,B5052925,Beo Crescent Market,1.288918,103.827190,Blue,"38A Beo Cres, 169982",169982,FULL,,,,,,
2682,B5052935,Tiong Bahru Market,1.285132,103.832726,Blue,"30 Seng Poh Road, 168898",168898,RUNNING,"This machine is popular and can get busy. If there's a queue or the bin is full, your next best option nearby is Block 8 Jalan Bukit Ho Swee. Check its status before heading over.",,,,,
2683,B5052924,Pasir Panjang Food Centre,1.275896,103.791624,Blue,"121 Pasir Panjang Rd, 118543",118543,RUNNING,,,,,,
2684,B5052938,Margaret Drive Hawker Centre,1.297413,103.804750,Blue,"38A Margaret Drive, 142038",142038,RUNNING,,,,,,
2685,B5052942,Tanglin Halt Market,1.300427,103.797793,Blue,"48A Tanglin Halt Road, 148813",148813,RUNNING,,,,,,
2686,B5052934,Holland Village Market and Food Centre,1.311148,103.795073,Blue,"1 Lor Mambong, 277700",277700,FULL,,,,,,
2687,B5052945,Commonwealth Crescent Market,1.306916,103.800432,Blue,"31 Commonwealth Cres, 149644",149644,FULL,,,,,,
2688,B5052946,Adam Road Food Centre,1.324244,103.814170,Blue,"2 Adam Rd, 289876",289876,RUNNING,,,,,,
2722,20254909869,Dunman Food Centre,1.309466,103.901827,Green,"271 Onan Rd, 424768",424768,RUNNING,,,,,,
2723,B5052936,Kovan Hougang Market and Food Centre,1.359307,103.886000,Blue,"209 Hougang Street 21, 530209",530209,FULL,,,,,,
2724,B5052941,Hougang 105 Hainanese Village Centre,1.354115,103.889900,Blue,"105 Hougang Avenue 1, 530105",530105,RUNNING,,,,,,
2725,B5052940,Ang Mo Kio Market & Food Centre Blk 724,1.372184,103.846500,Blue,"724 Ang Mo Kio Avenue 6, 560724",560724,RUNNING,,,,,,
2726,B5052944,Teck Ghee Court Market & Food Centre,1.364091,103.848208,Blue,"341 Ang Mo Kio Avenue 1, 560341",560341,RUNNING,,,,,,
2727,B5052943,Kebun Baru Food Centre Block 226H,1.367234,103.840021,Blue,"226H Ang Mo Kio Street 22, 568226",568226,RUNNING,,,,,,
2728,B5052927,628 Ang Mo Kio Food Centre,1.380887,103.840526,Blue,"628 Ang Mo Kio Avenue 4, 560628",560628,RUNNING,,,,,,
2729,B5052926,Chong Boon Market & Food Centre,1.368151,103.856378,Blue,"453A Ang Mo Kio Avenue 10, 561453",561453,RUNNING,,,,,,
2730,20254909880,Kallang Estate Fresh Market and Food Centre,1.307465,103.884136,Green,"17 Old Airport Rd, 397972",397972,RUNNING,,,,,,
2731,20254909876,Fairprice Jewel,1.360303,103.990200,Green,"78 Airport Boulevard #B2-205 to 206 Jewel Changi Airport (819666), 819666",819666,RUNNING,,,,,,
2732,20254909865,ITE College East,1.334728,103.954448,Green,"10 Simei Avenue, 486047",486047,RUNNING,,,,,,
2733,20254809801,Fairprice Joo Chiat Complex,1.315531,103.898509,Green,"Blk 2 Joo Chiat Road #01-1139 Joo Chiat Complex (420002), 420002",420002,RUNNING,,,,,,
2734,B5481202,Cold Storage Orchard Hotel,1.307435,103.828820,Blue,"442 Orchard Road, #B1 - 01 to 11, 238879",238879,RUNNING,,,,,,
2735,B5481203,SHENG SIONG NEW BRIDGE CENTRE,1.282864,103.842566,Blue,"BLK 336, SMITH STREET, #B1- 300 &  #01-304, NEW BRIDGE CENTRE, 050336",050336,RUNNING,,,,,,
2736,B5481204,Redhill Food Centre,1.287315,103.818183,Blue,"85 Redhill Lane, 150085",150085,RUNNING,,,,,,
2737,B5481207,Alexandra Village Food Centre,1.286608,103.804529,Blue,"120 Bukit Merah Lane 1, 150120",150120,RUNNING,,,,,,
2738,B5481216,Mei Chin Road Market,1.293438,103.802914,Blue,"159 Mei Chin Road, 140159",140159,RUNNING,,,,,,
2739,B5481201,National University of Singapore (NUS) Frontier Canteen,1.296489,103.780364,Blue,"3 Science Drive 2, 117543",117543,RUNNING,,,,,,
2740,B5052933,Toa Payoh Vista Market,1.334532,103.851973,Blue,"74 Lor 4 Toa Payoh, 310074",310074,RUNNING,,,,,,
2741,B5481209,Mayflower Market,1.374185,103.838810,Blue,"162 Ang Mo Kio Ave 4, 560162",560162,RUNNING,,,,,,
2742,20254909868,Tampines Round Market and Food Centre,1.345959,103.944640,Green,"Blk 137, Tampines Street 11, 521137",521137,RUNNING,,,,,,
2747,B9481038,672A Klang Lane - Little India,1.308503,103.852431,Blue,"672A Klang Lane, 211672",211672,RUNNING,"This machine is popular and can get busy. If there's a queue or the bin is full, your next best options nearby are Little India Rowell, Blk 641 Rowell Road; All India Supermart, 41 Norris Road; MUSTAFA, 145 Syed Alwi Road. Check their status before heading over.",,,,,
2748,B5481196,Pek Kio Market & Food Centre,1.316230,103.850224,Blue,"41A Cambridge Road, 211041",211041,FULL,,,,,,
2749,B5481206,Bukit Merah Central Food Centre,1.283464,103.817406,Blue,"163 Bukit Merah Central, 150163",150163,RUNNING,,,,,,
2750,B5481218,Blk 115 Bukit Merah View Market and Food Centre,1.285494,103.822424,Blue,"115 Bukit Merah View, 151115",151115,RUNNING,,,,,,
2752,20255010208,Eunos Crescent Blk 4A Hawker Centre,1.320383,103.904100,Green,"Blk 4A, Eunos Crescent, 402004",402004,FULL,,,,,,
2754,B5481200,Tekka Centre / Zhu Jiao Market,1.306190,103.850533,Blue,"665 Buffalo Road Zhujiao Centre, 210665",210665,FULL,"This machine is popular and can get busy. If there's a queue or the bin is full, your next best options nearby are Lasalle College of the Arts and Block 9 Selegie Road. Check their status before heading over.",,,,,
2755,B5481214,Blk 6 Tanjong Pagar Plaza Market and Food Centre,1.276553,103.843119,Blue,"6 Tanjong Pagar Plaza, 081006",081006,FULL,"This machine is popular and can get busy. If there's a queue or the bin is full, your next best options nearby are Don Don Donki, 100AM and Blk 8 Tanjong Pagar Plaza. Check their status before heading over.",,,,,
2756,B5481198,Blk 112 Jalan Bukit Merah Market and Food Centre,1.280271,103.826004,Blue,"112 Jalan Bukit Merah, 160112",160112,RUNNING,,,,,,
2757,B5481211,Toa Payoh Lorong 8 Blk 210 Hawker Centre,1.340327,103.854504,Blue,"210 Lor 8 Toa Payoh, 310210",310210,RUNNING,,,,,,
2758,B5481212,Holland Drive Market and Food Centre,1.308199,103.792799,Blue,"44 Holland Drive, 270044",270044,RUNNING,,,,,,
2759,B5481215,Toa Payoh Lorong 4 Blk 94,1.339459,103.849339,Blue,"94 Lor 4 Toa Payoh, 310094",310094,RUNNING,,,,,,
2760,B5481205,20 Ghim Moh Road Market & Food Centre,1.311134,103.788212,Blue,"20 Ghim Moh Rd, 270020",270020,RUNNING,,,,,,
2761,20261515346,Blk 4A Jalan Batu Hawker Centre,1.302627,103.883900,Green,"4A Jalan Batu, 432004",432004,RUNNING,,,,,,
2762,20261515327,50A Marine Terrace Hawker Centre,1.306019,103.915700,Green,"50A Marine Terrace, 441050",441050,RUNNING,,,,,,
2763,20261515336,84 Marine Parade Central Market and Food Centre,1.302495,103.906100,Green,"84 Marine Parade Central, 440084",440084,RUNNING,,,,,,
2764,20261515339,Kaki Bukit 511 Market and Food Centre,1.333438,103.930500,Green,"511 Bedok North Street 3, 460511",460511,RUNNING,,,,,,
2765,20261515325,Bedok North Street 3 Blk 538 Hawker Centre,1.332267,103.924800,Green,"538 Bedok North Street 3, 460538",460538,RUNNING,,,,,,
2766,B5481217,Shunfu-Mart,1.352005,103.837119,Blue,"320 Shunfu Rd, 570320",570320,FULL,,,,,,
2767,B5052932,11 Telok Blangah Crescent Market and Food Centre,1.277303,103.818779,Blue,"11 Telok Blangah Crescent, 090011",090011,RUNNING,"This machine is popular and can get busy. If there's a queue or the bin is full, your next best options nearby are GIANT Telok Blangah Crescent, Blk 8 Telok Blangah Crescent, #01-171 and Blk 20 Telok Blangah Crescent. Check their status before heading over.",,,,,
2769,B5481197,Telok Blangah Rise Market,1.272716,103.821944,Blue,"36 Telok Blangah Rise, 090036",090036,FULL,,,,,,
2770,B5481208,Toa Payoh West Market and Food Court,1.338173,103.844728,Blue,"127 Lor 1 Toa Payoh, 310127",310127,FULL,,,,,,
2771,B5481213,Li Li Cheng Punggol,1.402339,103.901259,Blue,"Blk 273C Punggol Place #01-884, 823273",823273,RUNNING,,,,,,
2772,SGRVM0424,20 Marsiling Lane Food Centre,1.443498,103.776995,Red,"20 Marsiling Lane, Singapore 730020, 730020",730020,RUNNING,,,,,,
2773,SGRVM0402,353 Clementi Food Center,1.314339,103.770811,Red,"353 Clementi Ave 2, Singapore 120353, 120353",120353,RUNNING,,,,,,
2774,SGRVM0409,445 Clementi Avenue 3,1.312954,103.764175,Red,"445 Clementi Ave 3, Singapore 121445, 121445",121445,RUNNING,,,,,,
2776,SGRVM0398,252 Jurong East Street 24,1.343079,103.738221,Red,"252 Jurong East St 24, Singapore 600252, 600252",600252,RUNNING,,,,,,
2777,SGRVM0406,Teban Market Place,1.320833,103.742535,Red,"37A Teban Gardens Rd, Singapore 601037, 601037",601037,RUNNING,,,,,,
2778,SGRVM0407,505 Jurong West Market & Food Centre,1.349816,103.718533,Red,"505 Jurong West Street 52, Singapore 640505, 640505",640505,RUNNING,,,,,,
2779,SGRVM0413,221A Boon Lay Market,1.345843,103.713096,Red,"221A Boon Lay Place, Singapore 641221, 641221",641221,RUNNING,,,,,,
2780,20261515321,Bedok Reservoir Food Centre,1.333315,103.913900,Green,"630 Bedok Reservoir Rd, 470630",470630,RUNNING,,,,,,
2781,B5481199,Marks & Spencer Raffles City,1.294741,103.853170,Blue,"252 North Bridge Road, #B1-44E, Raffles City Shopping Centre, 179103",179103,RUNNING,,,,,,
2782,SGRVM0219,573B Woodlands Drive 16,1.430911,103.797776,Red,"573B Woodlands Drive 16, Singapore 732573, 732573",732573,RUNNING,,,,,,
2783,SGRVM0397,Republic Polytechnic,1.442859,103.785560,Red,"9 Woodlands Ave 9, Singapore 738964, 738964",738964,RUNNING,,,,,,
2785,20261515334,Cold Storage Pasir Ris Mall,1.373863,103.948540,Green,"Pasir Ris Mall 7 Pasir Ris Central B1-11, 519612",519612,RUNNING,,,,,,
2786,B5481219,Empress Road Market and Food Centre,1.316339,103.805642,Blue,"7 Empress Rd, 260007",260007,RUNNING,,,,,,
2787,20261515329,85 Fengshan Centre,1.332266,103.938800,Green,"85 Bedok North Street 4, 460085",460085,RUNNING,,,,,,
2788,20261515341,Temasek Polytechnic,1.345603,103.931800,Green,"21 Tampines Ave 1, 529757",529757,RUNNING,,,,,,
2789,B5481233,Lau Pa Sat Hawker Centre,1.280531,103.850383,Blue,"18 Raffles Quay, 048582",048582,FULL,"This machine is popular and can get busy. If there's a queue or the bin is full, your next best option nearby is Cold Storage Marina Bay Link Mall. Check its status before heading over.",,,,,
2790,B5481224,Telok Blangah Food Centre,1.273456,103.807639,Blue,"79 Telok Blangah Drive, 100079",100079,RUNNING,,,,,,
2791,B5481240,Block 44 Telok Blangah Drive,1.271145,103.809842,Blue,"Block 44 Telok Blangah Drive, 100044",100044,RUNNING,,,,,,
2792,B5481243,MacPherson Market & Food Centre,1.323479,103.885413,Blue,"89 Circuit Road, 370089",370089,FULL,,,,,,
2793,B9481042,79/79A Circuit Road Hawker Centre,1.326161,103.885112,Blue,"Block 79/79A Circuit Rd, 370079",370079,FULL,,,,,,
2794,B5481228,80 Circuit Road Market and Food Centre,1.327908,103.886946,Blue,"80 Circuit Road, 370080",370080,FULL,,,,,,
2795,B9481041,225 Ang Mo Kio Ave 1,1.367349,103.838479,Blue,"225 Ang Mo Kio Ave 1, 560225",560225,RUNNING,,,,,,
2802,B5481239,People's Park Food Centre,1.285051,103.842577,Blue,"32 New Market Rd, 050032",050032,FULL,,,,,,
2806,20254709350,SHENG SIONG BLK 602A TAMPINES AVENUE 9,1.361253,103.937586,Green,"BLK 602A TAMPINES AVENUE 9 #01-01, 521602",521602,RUNNING,,,,,,
2807,20255010460,FairPrice Tampines Mall,1.352457,103.944670,Green,"4 Tampines Central 5 #B1-12 Tampines Mall (529510), 529510",529510,RUNNING,,,,,,
2808,20261515335,Blk 216 Bedok North Street 1 Market & Hawker Centre,1.327869,103.933200,Green,"216 Bedok North Street 1, 460216",460216,RUNNING,,,,,,
2809,20261515320,208B New Upper Changi Road Hawker Centre,1.324687,103.930300,Green,"208B New Upper Changi Rd, 462208",462208,RUNNING,,,,,,
2810,20254809792,"Blk 608, Bedok Reservoir Road",1.331854,103.913193,Green,"Blk 608, Bedok Reservoir Road, 470608",470608,RUNNING,,,,,,
2811,20261515338,Singapore University of Technology and Design (SUTD),1.342291,103.963400,Green,"51 Changi South Ave 1, 485995",485995,FULL,,,,,,
2813,20254709346,"Blk 701, Bedok Reservoir Road",1.337919,103.918600,Green,"Blk 701, Bedok Reservoir Road, 470701",470701,RUNNING,,,,,,
2815,B5481238,Blk 69 Geylang Bahru Market and Food Centre,1.321556,103.870089,Blue,"69 Geylang Bahru, 330069",330069,RUNNING,,,,,,
2816,SGRVM0418,NESST Tukang Dormitory,1.325986,103.715167,Red,"1 Tukang Innovation Lane, 619599",619599,RUNNING,,,,,,
2817,B5481226,Block 108B Bidadari Park Drive,1.333470,103.871813,Blue,"108B Bidadari Park Drive, 342108",342108,RUNNING,,,,,,
2818,B5481232,Block 118A Bidadari Park Drive,1.336620,103.873417,Blue,"118A Bidadari Park Drive, 341118",341118,RUNNING,,,,,,
2819,B9481039,Block 112A Bidadari Park Drive,1.335356,103.873274,Blue,"112A Bidadari Park Drive, 341112",341112,RUNNING,,,,,,
2820,B9481048,Block 101 Bidadari Park Drive,1.336149,103.871464,Blue,"Block 101 Bidadari Park Drive, 340101",340101,RUNNING,,,,,,
2821,SGRVM0386,ASPRI-D Wall Papan Dormitory,1.322238,103.731053,Red,"2G Jalan Papan, D Wall Papan Dormitory, 619834",619834,RUNNING,,,,,,
2822,SGRVM0405,Singapore Zoo,1.404353,103.790448,Red,"80 Mandai Lake Road, 729826",729826,RUNNING,,,,,,
2823,SGRVM0411,Bird Paradise,1.406532,103.781264,Red,"20 Mandai Lake Rd, Mandai Wildlife WEST, 729825",729825,RUNNING,,,,,,
2824,SGRVM0412,Penjuru Recreation Centre,1.318843,103.732684,Red,"27 Penjuru Walk, 608538",608538,FULL,,,,,,
2825,SGRVM0415,Chong Pang Food Centre,1.431997,103.828148,Red,"105 Yishun Ring Rd, 760105",760105,RUNNING,,,,,,
2827,SGRVM0410,"138 Yishun Ring Road, Singapore 760138",1.431630,103.830640,Red,"138 Yishun Ring Road, 760138",760138,RUNNING,,,,,,
2828,SGRVM0423,West 1800 Dormitory,1.326100,103.734863,Red,"(Former Prime Lodge) 609853 Singapore, 609853",609853,RUNNING,,,,,,
2829,SGRVM0403,"204 Clementi Ave 6, Singapore 120204",1.321002,103.763243,Red,"204 Clementi Ave 6, 120204",120204,RUNNING,,,,,,
2866,20261515332,SCARLETT@PASIR RIS MALL,1.373863,103.948540,Green,"7 PASIR RIS CENTRAL, #B2-11/12 PASIR RIS MALL, 519612",519612,MAINTENANCE,,,,,,
2870,20261515331,117 Aljunied Ave 2 Market & Food Centre,1.320963,103.886900,Green,"117 Aljunied Ave 2, 380117",380117,RUNNING,,,,,,
2871,20261515333,FairPrice Finest Sceneca Square,1.328028,103.945200,Green,"24 Tanah Merah Kechil Link #01-09, 468456",468456,RUNNING,,,,,,
2872,SGRVM0222,FORTUNE SUPERMARKET 780,1.448090,103.800900,Red,"BLK 780 WOODLANDS CRESCENT #01-01 SINGAPORE, 730780",730780,RUNNING,,,,,,
2873,SGRVM0400,Westlite Jalan Tukang Dormitory,1.326253,103.716924,Red,"11A Jalan Tukang, 619267",619267,RUNNING,,,,,,
2875,20261515322,16 Bedok South Rd Hawker Centre,1.320793,103.935400,Green,"16 Bedok South Rd, 460016",460016,RUNNING,,,,,,
2878,20261515323,FairPrice 623 Elias Mall,1.378028,103.942200,Green,"Blk 623 Elias Road #B1-01 Elias Mall, 510623",510623,RUNNING,,,,,,
2879,B9481046,Sims Vista Market & Food Centre,1.317098,103.879373,Blue,"49 Sims Place, 380049",380049,RUNNING,,,,,,
2883,20254709541,"Blk 514, Bedok North Ave 2",1.332236,103.928900,Green,"Blk 514, Bedok North Ave 2, 460513",460513,RUNNING,,,,,,
2884,SGRVM0417,SHENG SIONG BLK 845 YISHUN ST 81,1.416050,103.834900,Red,"BLK 845 YISHUN ST 81 #01-184, 760845",760845,ERROR,"This machine is popular and can get busy. If there's a queue or the bin is full, your next best options nearby are GIANT Khatib MRT, 201 Yishun Ave 2, #01-03 and Blk 821 Yishun Street 81. Check their status before heading over.",,,,,
2885,SGRVM0387,510 Jurong West Street 51,1.348380,103.719460,Red,"510 Jurong West Street 51, 640510",640510,RUNNING,,,,,,
2886,B5052922,Blk 17 Upper Boon Keng Market and Food Centre,1.314861,103.871653,Blue,"17 Upper Boon Keng Road, 380017",380017,RUNNING,,,,,,
2887,B9051019,Little India Rowell Rd,1.308205,103.855088,Blue,"641 Rowell Road, 200641",200641,RUNNING,,,,,,
2888,B5052912,Whampoa Market,1.323021,103.855402,Blue,"90 Whampoa Drive, 320090",320090,FULL,,,,,,
2889,B5052911,Kukoh 21 Food Centre,1.288286,103.839885,Blue,"1 Jln Kukoh, 161001",161001,FULL,,,,,,
2890,20254709485,"Blk 501, Bedok North Street 3",1.331915,103.930900,Green,"Blk 501, Bedok North Street 3, 460503",460503,MAINTENANCE,,,,,,
2891,B5481231,Gardens by the Bay,1.281803,103.865821,Blue,"18 Marina Gardens Drive, 018953",018953,RUNNING,,,,,,
2892,B5052920,Bendemeer Market and Food Centre,1.319110,103.863132,Blue,"29 Bendemeer Rd, 330029",330029,RUNNING,,,,,,
2893,B5052915,Cheng Yan Court - 269 Queen Street,1.300995,103.854098,Blue,"269 Queen St, 180269",180269,FULL,,,,,,
2894,B5052919,Blk 5036 Ang Mo Kio Ind Park 2,1.372337,103.861782,Blue,"5036 Ang Mo Kio Ind Park 2, 569539",569539,RUNNING,,,,,,
2895,B5052913,Hong Lim Food Centre and Market,1.285402,103.845829,Blue,"531A Upper Cross St, 051531",051531,FULL,,,,,,
2896,B5481230,Ngee Ann Polytechnic (NP),1.332445,103.775728,Blue,"535 Clementi Road, 599489",599489,RUNNING,,,,,,
2897,B5481237,Blk 10 AMK Autopoint,1.376406,103.868963,Blue,"10 Ang Mo Kio Industrial Park 2A, 568047",568047,RUNNING,,,,,,
2898,B5052918,Fair Price Hougang Mall,1.372723,103.893806,Blue,"90 Hougang Ave 10, #B1-07 Hougang Mall, 538766",538766,RUNNING,,,,,,
2899,B5052914,Nanyang Polytechnic (NYP),1.380104,103.848796,Blue,"180 Ang Mo Kio Ave 8, 569830",569830,RUNNING,,,,,,
2900,B5481242,Block 75B Redhill Rd,1.288500,103.816065,Blue,"Block 75B Redhill Rd, 152075",152075,RUNNING,,,,,,
2901,B5052921,Block 118 Bukit Merah View,1.284208,103.820983,Blue,"Block 118 Bukit Merah View, 150118",150118,RUNNING,,,,,,
2902,B5052916,Block 19 Jalan Membina,1.285671,103.826387,Blue,"Block 19 Jalan Membina, 164019",164019,RUNNING,,,,,,
2903,B5481229,Block 118B Jalan Membina,1.281797,103.826025,Blue,"Block 118B Jalan Membina, 161118",161118,RUNNING,,,,,,
2904,B5481222,Block 102 Bukit Purmei Road,1.271908,103.826735,Blue,"Block 102 Bukit Purmei Road, 090102",090102,RUNNING,,,,,,
2905,B5481220,Block 150 Mei Ling St,1.294974,103.804150,Blue,"Block 150 Mei Ling St, 141150",141150,RUNNING,,,,,,
2906,B5481221,Block 49 Lengkok Bahru,1.287609,103.811998,Blue,"Block 49 Lengkok Bahru, 150049",150049,RUNNING,,,,,,
2907,B5481227,Block 52 Lengkok Bahru,1.288689,103.813038,Blue,"Block 52 Lengkok Bahru, 150052",150052,RUNNING,,,,,,
2908,B5481225,Block 1 Dover Rd,1.302527,103.783194,Blue,"Block 1 Dover Rd, 130001",130001,RUNNING,,,,,,
2909,B5481234,Block 22 Dover Crescent,1.307074,103.783808,Blue,"Block 22 Dover Crescent, 133022",133022,RUNNING,,,,,,
2910,B9051018,Block 94 Dawson Road,1.295970,103.811560,Blue,"Block 94 Dawson Road, 142094",142094,RUNNING,,,,,,
2911,B9051020,Block 69 Telok Blangah Heights,1.275572,103.810617,Blue,"Block 69 Telok Blangah Heights, 100069",100069,RUNNING,,,,,,
2912,SGRVM0414,FairPrice 289A Toh Guan,1.340151,103.745248,Red,"289A Toh Guan Road #01-01, 601289",601289,RUNNING,"This machine is popular and can get busy. If there's a queue or the bin is full, your next best options nearby are Blk 288C Jurong East Street 21; Blk 286D Toh Guan Rd; Blk 282A Toh Guan Rd; Blk 267A Toh Guan Rd. Check their status before heading over.",,,,,
2945,B5D61020,Blk 409 Ang Mo Kio Ave 10 Market & Hawker Centre,1.362706,103.855339,Blue,"409 Ang Mo Kio Ave 10, 560409",560409,FULL,,,,,,
2946,20254709516,"Blk 518, Bedok North Ave 2",1.331881,103.928900,Green,"Blk 518, Bedok North Ave 2, 460518",460518,RUNNING,,,,,,
2947,B5481241,Block 52A Commonwealth Dr,1.301941,103.796956,Blue,"Block 52A Commonwealth Dr, 143052",143052,RUNNING,,,,,,
2948,B5052917,Block 81 Redhill Ln,1.287878,103.819432,Blue,"Block 81 Redhill Ln, 150081",150081,RUNNING,,,,,,
2949,B5481236,Block 69 Redhill Cl,1.286724,103.816431,Blue,"Block 69 Redhill Cl, 160069",160069,RUNNING,,,,,,
2950,B5D61014,Singapore Management University (SMU),1.296440,103.849770,Blue,"Li Ka Shing Library, 70 Stamford Road, 178902",178902,RUNNING,,,,,,
2951,B5D61010,Blk 36 Sin Ming Industrial Estate,1.358835,103.838853,Blue,"36 Sin Ming Drive, 575710",575710,RUNNING,,,,,,
2952,B5D61023,Singapore University of Social Sciences (SUSS),1.328704,103.775820,Blue,"463 Clementi Road, 599494",599494,RUNNING,,,,,,
2953,B9481045,"Punggol Way Dorm, Sharbesuwary Pte Ltd",1.417671,103.907279,Blue,"501A Punggol Way, #01-05A, 828646",828646,RUNNING,,,,,,
2954,B5D61005,Blk 1 AMK Tech I,1.378322,103.868337,Blue,"1 Ang Mo Kio Industrial Park 2A, Level 2 Canteen, 568049",568049,RUNNING,,,,,,
2955,B5D61011,Blk 5058 Ang Mo Kio Ind Park 2,1.374977,103.860302,Blue,"5058 Ang Mo Kio Ind Park 2, #01-1255, 569561",569561,RUNNING,,,,,,
2956,B5481223,Block 8 Tanjong Pagar Plaza,1.277220,103.842990,Blue,"Block 8 Tanjong Pagar Plaza, 080008",080008,RUNNING,,,,,,
2957,B5481235,Block 8 Cantonment Cl,1.275782,103.838973,Blue,"Block 8 Cantonment Cl, 081008",081008,FULL,,,,,,
2958,B9051015,Block 3 Jalan Bukit Merah,1.287053,103.807486,Blue,"Block 3 Jalan Bukit Merah, 150003",150003,RUNNING,,,,,,
2959,B9051016,Block 166 Stirling Road,1.290950,103.802210,Blue,"Block 166 Stirling Road, 140166",140166,RUNNING,,,,,,
2960,B9051017,Block 181 Stirling Rd,1.294165,103.805820,Blue,"Block 181 Stirling Rd, 141182",141182,RUNNING,,,,,,
2962,SGRVM0430,SHENG SIONG BLK 440 BUKIT BATOK WEST AVE 8,1.355660,103.739300,Red,"BLK 440 BUKI BATOK WEST AVE 8 #01-10, 650440",650440,RUNNING,,,,,,
2963,SGRVM0440,SHENG SIONG BLK 61 TEBAN GARDENS ROAD,1.322120,103.738400,Red,"BLK 61 TEBAN GARDENS ROAD #01-21, 600061",600061,FULL,,,,,,
2966,SGRVM0434,507 West Coast Drive,1.312054,103.760789,Red,"507 West Coast Drive, 120507",120507,RUNNING,,,,,,
2967,SGRVM0437,"708 Clementi West Street 2, Singapore 120708",1.305726,103.761857,Red,"708 Clementi West Street 2, 120708",120708,RUNNING,,,,,,
2968,B5D61024,Block 294 Punggol Central,1.403105,103.904570,Blue,"Block 294 Punggol Central, Punggol Grove, 820294",820294,RUNNING,,,,,,
2969,B5D61002,Block 668B Edgefield Plains,1.404826,103.912935,Blue,"Block 668B Edgefield Plains, Waterway Ridges, Singapore 822668, Waterway Ridges, 822668",822668,RUNNING,,,,,,
2970,B5D61003,Block 165A Punggol Central,1.394877,103.914607,Blue,"Block 165A Punggol Central, 821165",821165,RUNNING,,,,,,
2971,B5D61004,Block 655A Punggol East,1.399616,103.920499,Blue,"Block 655A Punggol East, 821655",821655,RUNNING,,,,,,
2972,B5D61006,Block 677A Punggol Drive,1.405059,103.909460,Blue,"Block 677A Punggol Drive, Waterway Brooks, 821677",821677,RUNNING,,,,,,
2973,B5D61009,Block 684A Edgedale Plains,1.402850,103.915960,Blue,"Block 684A Edgedale Plains, Waterway View, 820684",820684,RUNNING,,,,,,
2974,B5D61016,Block 624B Punggol Central,1.400758,103.911673,Blue,"Block 624B Punggol Central, 822624",822624,RUNNING,,,,,,
2975,B5D61018,Block 632A Punggol Drive,1.400598,103.913451,Blue,"Block 632A Punggol Drive, Edgedale Green, 821632",821632,RUNNING,,,,,,
2976,B5D61021,Block 168A Punggol East,1.394747,103.914325,Blue,"Block 168A Punggol East, The Sundial, 821168",821168,RUNNING,,,,,,
2977,B5D61022,Block 647 Punggol Central,1.398113,103.915591,Blue,"Block 647 Punggol Central, Eastdale, 820647",820647,RUNNING,,,,,,
2979,SGRVM0435,801 West Coast Crescent,1.300862,103.763396,Red,"801 West Coast Crescent, 120801",120801,RUNNING,,,,,,
2981,SGRVM0445,"444 Jurong West Ave 1, Singapore 640444",1.351944,103.719070,Red,"Blk 444 Jurong West Ave 1640, #08-283, 640444",640444,RUNNING,,,,,,
2982,SGRVM0439,555 Jurong West Street 42,1.353644,103.718635,Red,"Blk 555 Jurong West Street 42, 640555",640555,RUNNING,,,,,,
2983,SGRVM0443,518 Jurong West Street 52,1.345090,103.718094,Red,"Blk 518 Jurong West Street 52, 640518",640518,RUNNING,,,,,,
2985,SGRVM0447,689 Jurong West Central 1,1.340977,103.706335,Red,"689 Jurong West Central 1, 640689",640689,RUNNING,,,,,,
2986,SGRVM0429,640 Jurong West Street 61,1.340108,103.696496,Red,"640 Jurong West Street 61, 640640",640640,RUNNING,,,,,,
2987,SGRVM0426,601 Jurong West Street 62,1.339834,103.700294,Red,"601 Jurong West Street 62, 640601",640601,FULL,"This machine is popular and can get busy. If there's a queue or the bin is full, your next best options nearby are Blk 667C Jurong West Street 65; Blk 625 Jurong West Street 61; Blk 664D Jurong West Street 64. Check their status before heading over.",,,,,
2988,SGRVM0446,988A Jurong West Street 93,1.336515,103.695863,Red,"988A Jurong West Street 93, 641988",641988,FULL,,,,,,
2990,SGRVM0442,238B Boon Lay Drive,1.342022,103.709918,Red,"238B Boon Lay Drive, 642238",642238,RUNNING,,,,,,
2991,SGRVM0427,991B Upper Jurong Rd,1.335335,103.693369,Red,"991B Upper Jurong Rd, 632991",632991,FULL,,,,,,
2992,SGRVM0428,183C Boon Lay Avenue,1.348694,103.709210,Red,"183C Boon Lay Avenue, 643183",643183,RUNNING,,,,,,
2999,SGRVM0436,48 Teban Gardens Road,1.320479,103.739954,Red,"48 Teban Gardens Rd, 600048",600048,RUNNING,,,,,,
3001,SGRVM0433,414 Pandan Gardens Road,1.320040,103.747324,Red,"414 Pandan Gardens Road, 600414",600414,RUNNING,,,,,,
3002,SGRVM0444,60 Jurong West Central 3,1.340462,103.704359,Red,"60 Jurong West Central 3, 648346",648346,RUNNING,,,,,,
3003,SGRVM0441,706 Jurong West Street 71,1.341454,103.694560,Red,"706 Jurong West Street 71, 640706",640706,RUNNING,,,,,,
3005,B9481037,Block 308A Punggol Walk,1.406444,103.900817,Blue,"Block 308A Punggol Walk, Waterway Terraces I, 821308",821308,RUNNING,,,,,,
3006,B9481043,Block 134 Edgedale Plains,1.392853,103.910117,Blue,"Block 134 Edgedale Plains, 820134",820134,RUNNING,,,,,,
3007,B5D61029,Block 224C Sumang Lane,1.401695,103.894070,Blue,"Block 224C Sumang Lane, Matilda Edge, 823224",823224,RUNNING,,,,,,
3008,B5D61034,Block 217C Sumang Walk,1.402206,103.895884,Blue,"Block 217C Sumang Walk, Matilda Portico, 823217",823217,RUNNING,,,,,,
3009,B5D61039,Block 228A Punggol Field,1.403636,103.892022,Blue,"Block 228A Punggol Field, 821228",821228,RUNNING,,,,,,
3010,B5D61044,Block 326B Sumang Walk,1.412755,103.899691,Blue,"Block 326B Sumang Walk, 822326",822326,RUNNING,,,,,,
3011,B5D61046,Block 423A Northshore Crescent,1.419190,103.905851,Blue,"Block 423A Northshore Crescent, 823423",823423,RUNNING,,,,,,
3012,B5D61048,Block 232C Sumang Lane,1.401888,103.890179,Blue,"Block 232C Sumang Lane, Matilda Court, 823232",823232,RUNNING,,,,,,
3013,SGRVM0431,708 Clementi West Street 2,1.305726,103.761857,Red,"708 Clementi West Street 2, 120708",120708,RUNNING,,,,,,
3016,B5481062,509 Serangoon North Ave 4,1.372216,103.876255,Blue,"509 Serangoon North Ave 4, 550509",550509,RUNNING,,,,,,
3022,B5D61017,Block 400C Fernvale Ln,1.389365,103.869808,Blue,"Block 400C Fernvale Ln, 793400",793400,RUNNING,,,,,,
3023,B5D61032,Block 410A Fernvale Rd,1.390246,103.875881,Blue,"Block 410A Fernvale Rd, 791410",791410,RUNNING,,,,,,
3024,B5D61025,Block 538 Hougang Ave 8,1.377722,103.890303,Blue,"Block 538 Hougang Ave 8, 530538",530538,RUNNING,,,,,,
3025,B5D61027,Blk 648 Hougang Ave 8,1.372214,103.879874,Blue,"Blk 648 Hougang Ave 8, 530648",530648,RUNNING,,,,,,
3026,B5D61035,Block 413B Fernvale Link,1.389841,103.879042,Blue,"Block 413B Fernvale Link, 792413",792413,RUNNING,,,,,,
3027,20261515328,Loyang Way Food Village,1.384162,103.974200,Green,"64 LOYANG WAY SINGAPORE, 508754",508754,RUNNING,,,,,,
3028,20261515324,Haig Road Market & Cooked Food Centre,1.315768,103.895400,Green,"14 Haig Road, 430014",430014,RUNNING,,,,,,
3029,20261515326,Changi Lodge 2,1.311756,103.997700,Green,"80 Tanah Merah Coast Road, 498736",498736,RUNNING,,,,,,
3030,SGRVM0379,467C Yishun Ave 6,1.426831,103.851389,Red,"467C Yishun Ave 6,, 763467",763467,RUNNING,,,,,,
3031,SGRVM0300,"504 Yishun St 51, Singapore 760504",1.418336,103.844393,Red,"504 Yishun St 51, 760504",760504,FULL,,,,,,
3032,SGRVM0339,"341 Sembawang Close, Singapore 750341",1.447080,103.818698,Red,"341 Sembawang Close, 750341",750341,RUNNING,,,,,,
3033,SGRVM0129,"656B Jurong West Street 61, Singapore 642656",1.335887,103.699442,Red,"656B Jurong West Street 61, 642656",642656,RUNNING,,,,,,
3034,SGRVM0146,"406 Yishun Ave 6, Singapore 760406",1.426080,103.849286,Red,"406 Yishun Ave 6, 760406",760406,FULL,,,,,,
3035,SGRVM0360,"431A Yishun Ave 1, Singapore 761431",1.419650,103.847280,Red,"431A Yishun Ave 1, 761431",761431,FULL,,,,,,
3036,SGRVM0065,"439 Yishun Ave 11, Singapore 760439",1.422091,103.846445,Red,"439 Yishun Ave 11, 760439",760439,FULL,,,,,,
3037,B5D61042,212 Ang Mo Kio Ave 3,1.368933,103.841594,Blue,"212 Ang Mo Kio Ave 2, 560212",560212,RUNNING,,,,,,
3038,B5D61043,Block 203 Ang Mo Kio Ave 3,1.367978,103.844373,Blue,"203 Ang Mo Kio Ave 3, 560203",560203,RUNNING,,,,,,
3039,B5D61047,Block 536 Ang Mo Kio Ave 10,1.374871,103.854076,Blue,"536 Ang Mo Kio Ave 10, 560536",560536,RUNNING,,,,,,
3040,B5D61031,Block 953 Hougang Ave 9,1.376861,103.877478,Blue,"Block 953 Hougang Ave 9, 530953",530953,RUNNING,,,,,,
3041,B5D61037,Block 920 Hougang Ave 9,1.376747,103.883584,Blue,"Block 920 Hougang Ave 9, 530920",530920,RUNNING,,,,,,
3042,B5D61045,442 Ang Mo Kio Avenue 10,1.365732,103.854708,Blue,"442 Ang Mo Kio Ave 10, 560442",560442,FULL,,,,,,
3043,B5D61028,996C Buangkok Crescent,1.385365,103.885251,Blue,"996C Buangkok Crescent, 536996",536996,RUNNING,,,,,,
3044,B5D61036,531 Serangoon North Ave 4,1.374487,103.875357,Blue,"531 Serangoon North Ave 4, 550531",550531,RUNNING,,,,,,
3045,B5D61001,526 Serangoon North Ave 4,1.371714,103.873037,Blue,"526 Serangoon North Ave 4, 550526",550526,RUNNING,,,,,,
3051,20254809794,"Blk 150, Bedok Reservoir Road",1.336301,103.912500,Green,"Blk 150, Bedok Reservoir Road, 470150",470150,RUNNING,,,,,,
3052,B5D61033,Block 698B Hougang St 61,1.375044,103.887799,Blue,"Block 698B Hougang St 61, 532698",532698,FULL,,,,,,
3053,B9481044,Block 422A Northshore Drive,1.419494,103.904418,Blue,"Block 422A Northshore Drive, 821422",821422,RUNNING,,,,,,
3054,SGRVM0416,"805 Yishun Ring Rd, Singapore 760805",1.417526,103.831385,Red,"805 Yishun Ring Rd, 760805",760805,RUNNING,,,,,,
3055,SGRVM0408,"513A Yishun St 51, Singapore 761513",1.416046,103.843482,Red,"513A Yishun St 51, 761513",761513,RUNNING,,,,,,
3056,SGRVM0388,"868 Yishun Street 81, Singapore 760868",1.413703,103.837613,Red,"868 Yishun Street 81, 760868",760868,RUNNING,,,,,,
3057,SGRVM0395,"627 Yishun Street 61, Singapore 760627",1.417628,103.836733,Red,"627 Yishun Street 61, 760627",760627,RUNNING,,,,,,
3058,SGRVM0396,"259 Yishun Street 22, Singapore 760259",1.434918,103.839136,Red,"259 Yishun Street 22, 760259",760259,RUNNING,,,,,,
3059,SGRVM0391,"383A Yishun Ave 6, Singapore 761383",1.430837,103.847854,Red,"383A Yishun Ave 6, 761383",761383,RUNNING,,,,,,
3060,20254709517,"Blk 145, Bedok Reservoir Road",1.334534,103.912000,Green,"Blk 145, Bedok Reservoir Road, 470145",470145,RUNNING,,,,,,
3061,B5D61013,FairPrice Punggol Waterway Point,1.407000,103.901600,Blue,"83 Punggol Central #B2-32 Waterway Point, 828761",828761,FULL,,,,,,
3062,B5D61026,Blk 5023 Ang Mo Kio Ind Park 2 Canteen,1.371183,103.863384,Blue,"5023 Ang Mo Kio Ind Park 2, 569526",569526,RUNNING,,,,,,
3063,B5D61008,Block 503 Ang Mio Ave 5,1.375402,103.849181,Blue,"Block Ang Mo Kio Ave 5, 560503",560503,RUNNING,,,,,,
3064,B5D61012,Block 625 Ang Mo Kio Ave 9,1.382360,103.841296,Blue,"625 Ang Mo Kio Ave 9, 560625",560625,RUNNING,,,,,,
3065,B5D61015,584 Ang Mo Kio Ave 3,1.370886,103.853947,Blue,"584 Ang Mo Kio Ave 3, 560584",560584,RUNNING,,,,,,
3066,SGRVM0475,"475 Sembawang Drive, Singapore 750475",1.450974,103.817260,Red,"475 Sembawang Drive, 750475",750475,RUNNING,,,,,,
3067,B5D61030,Nanyang Academy of Fine Arts,1.299899,103.851210,Blue,"80 Bencoolen Street, 189655",189655,RUNNING,,,,,,
3068,B9481040,Resorts World Sentosa,1.255910,103.820140,Blue,"8 Sentosa Gateway, 098269",098269,FULL,,,,,,
3069,B5D61038,Lasalle College of the Arts,1.302876,103.851410,Blue,"1 Mcnally Street, 187940",187940,FULL,,,,,,
3070,B5D61041,Block 104B Ang Mo Kio St 11,1.371446,103.838509,Blue,"Block 104B Ang Mo Kio St 11, 560104",560104,RUNNING,,,,,,
3071,B5D61007,Block 511 Ang Mo Kio Ave 8,1.373670,103.850319,Blue,"Block 511 Ang Mo Kio Ave 8, 560511",560511,RUNNING,,,,,,
3072,SGRVM0458,"ST Food Court, #01-09 Sungei Tengah Lodge",1.377643,103.718008,Red,"500 Old Choa Chu Kang Road, 698924",698924,OFFLINE,,,,,,
3073,SGRVM0471,"ST Beer Garden, #01-10 Sungei Tengah Lodge",1.377568,103.717691,Red,"500 Old Choa Chu Kang Rd, 698924",698924,RUNNING,,,,,,
3074,SGRVM0454,"783 Yishun Ring Road, Singapore 760783",1.421833,103.832388,Red,"783 Yishun Ring Road, 760783",760783,RUNNING,,,,,,
3075,SGRVM0462,"858 Yishun Ave 4, Singapore 760858",1.417671,103.838460,Red,"858 Yishun Ave 4, Singapore 760858, 760858",760858,RUNNING,,,,,,
3076,SGRVM0469,"821 Yishun Street 81, Singapore 760821",1.413370,103.834094,Red,"821 Yishun Street 81, 760821",760821,RUNNING,,,,,,
3077,SGRVM0457,"799 Yishun Ring Rd, Singapore 760799",1.419226,103.832506,Red,"799 Yishun Ring Rd, Singapore 760799, 760799",760799,RUNNING,,,,,,
3078,SGRVM0448,"512B Yishun St 51, Singapore 762512",1.414528,103.841851,Red,"512B Yishun St 51, 762512",762512,RUNNING,,,,,,
3082,SGRVM0480,"188B Marsiling Rd, Singapore 732188",1.437738,103.774141,Red,"188B Marsiling Rd, 732188",732188,RUNNING,,,,,,
3083,SGRVM0438,"336 Woodlands Ave 1, Singapore 730336",1.430349,103.781759,Red,"336 Woodlands Ave 1, 730336",730336,RUNNING,,,,,,
3084,SGRVM0453,"370 Woodlands Ave 1, Singapore 730370",1.432869,103.787359,Red,"370 Woodlands Ave 1, 730370",730370,RUNNING,,,,,,
3085,SGRVM0476,"354 Woodlands Ave 1, Singapore 730354",1.432408,103.785117,Red,"354 Woodlands Ave 1, 730354",730354,RUNNING,,,,,,
3086,SGRVM0466,"347 Woodlands Ave 3, Singapore 730347",1.433169,103.781582,Red,"347 Woodlands Ave 3, 730347",730347,RUNNING,,,,,,
3087,SGRVM0455,"424 Woodlands Street 41, Singapore 730424",1.427281,103.774871,Red,"424 Woodlands Street 41, 730424",730424,RUNNING,,,,,,
3088,SGRVM0450,"318 Woodlands Street 31, Singapore 730318",1.431856,103.777220,Red,"318 Woodlands Street 31, 730318",730318,RUNNING,,,,,,
3089,SGRVM0449,"513 Woodlands Drive 14, Singapore 730513",1.433920,103.789360,Red,"513 Woodlands Drive 14, 730513",730513,RUNNING,,,,,,
3090,SGRVM0489,"521 Woodlands Drive 14, Singapore 730521",1.433985,103.793228,Red,"521 Woodlands Drive 14, 730521",730521,RUNNING,,,,,,
3091,SGRVM0470,"411 Woodlands Street 41, Singapore 730411",1.428504,103.772821,Red,"411 Woodlands Street 41, 730411",730411,RUNNING,,,,,,
3092,SGRVM0460,"892A Woodlands Drive 50, Singapore 731892",1.437277,103.790191,Red,"892A Woodlands Drive 50, 731892",731892,RUNNING,,,,,,
3093,SGRVM0461,"897A Woodlands Drive 50, Singapore 730897",1.436505,103.793904,Red,"897A Woodlands Drive 50, 730897",730897,RUNNING,,,,,,
3094,B5D61079,Tekka Centre / Zhu Jiao Market,1.306190,103.850533,Blue,"665 Buffalo Road Zhujiao Centre, 210665",210665,FULL,,,,,,
3095,B5D61068,SHENG SIONG ALKAFF CRESCENT,1.336627,103.873007,Blue,"BLK 115A ALKAFF CRESCENT #01-12, 341115",341115,RUNNING,,,,,,
3096,B5D61066,SHENG SIONG RIVERVALE MALL,1.393106,103.904806,Blue,"11 RIVERVALE CRESCENT, #03-01, 545082",545082,RUNNING,,,,,,
3097,B5DNANANANA,ShengSiong Rivervale Mall,1.393106,103.904806,Blue,"11 Rivervale Crescent, #03-01, 545082",545082,offline,,,,,,
3098,B5DNANANA,ShengSiong Alkaff Lakeview,1.336627,103.873007,Blue,"115A Alkaff Crescent, #01-12, 341115",341115,offline,,,,,,
3099,SGRVM0485,"636A Senja Rd, Singapore 671636",1.386926,103.758488,Red,"636A Senja Rd, 671636",671636,RUNNING,,,,,,
3100,SGRVM0473,"655 Senja Rd, Singapore 670655",1.387298,103.764322,Red,"655 Senja Rd, 670655",670655,RUNNING,,,,,,
3101,SGRVM0483,"476 Segar Rd, Singapore 670476",1.389012,103.772897,Red,"476 Segar Rd, 670476",670476,RUNNING,,,,,,
3102,SGRVM0479,"443B Fajar Rd, Singapore 672443",1.381022,103.769673,Red,"443B Fajar Rd, 672443",672443,RUNNING,,,,,,
3103,SGRVM0481,"502 Jelapang Rd, Singapore 670502",1.383692,103.766706,Red,"502 Jelapang Rd, 670502",670502,RUNNING,,,,,,
3104,SGRVM0464,"533 Jelapang Road, Singapore 670533",1.384840,103.763638,Red,"533 Jelapang Road, 670533",670533,RUNNING,,,,,,
3140,B5D61061,FairPrice 12 Greenwood Ave,1.331460,103.807022,Blue,"12 Greenwood Avenue, 289204",289204,ERROR,,,,,,
3142,SGRVM0478,"102 Jurong East St 13, Singapore 600102",1.336102,103.738382,Red,"102 Jurong East St 13, 600102",600102,RUNNING,,,,,,
3143,SGRVM0472,"112 Jurong East Street 13, Singapore 600112",1.339250,103.735914,Red,"112 Jurong East Street 13, 600112",600112,RUNNING,,,,,,
3144,SGRVM0474,"204 Jurong East Street 21, Singapore 600204",1.337389,103.741493,Red,"204 Jurong East Street 21, 600204",600204,RUNNING,,,,,,
3145,SGRVM0459,"221A Jurong East Street 21, Singapore 601221",1.340682,103.736333,Red,"221A Jurong East Street 21, 601221",601221,RUNNING,,,,,,
3148,SGRVM0452,"234 Jurong East Street 21, Singapore 600234",1.339867,103.741772,Red,"234 Jurong East Street 21, 600234",600234,RUNNING,,,,,,
3149,SGRVM0484,"241 Jurong East Street 21, Singapore 600241",1.341497,103.743145,Red,"241 Jurong East Street 21, 600241",600241,RUNNING,,,,,,
3151,SGRVM0467,"260 Jurong East St 24, Singapore 600260",1.343717,103.740098,Red,"260 Jurong East St 24, 600260",600260,RUNNING,,,,,,
3152,SGRVM0432,"267A Toh Guan Rd, Singapore 601267",1.341754,103.744712,Red,"267A Toh Guan Rd, Singapore 601267, 601267",601267,RUNNING,,,,,,
3153,SGRVM0465,"282A Toh Guan Rd, Singapore 601282",1.340328,103.746890,Red,"282A Toh Guan Rd, 601282",601282,RUNNING,,,,,,
3154,SGRVM0456,"625 Bukit Batok Central, Singapore 650625",1.351526,103.748714,Red,"625 Bukit Batok Central, 650625",650625,RUNNING,,,,,,
3155,SGRVM0477,"217 Bukit Batok Street 21, Singapore 650217",1.346645,103.754733,Red,"217 Bukit Batok Street 21, 650217",650217,RUNNING,,,,,,
3156,SGRVM0486,"661D Jurong West St 64, Singapore 644661",1.336584,103.704532,Red,"661D Jurong West St 64, 644661",644661,RUNNING,,,,,,
3157,SGRVM0463,"521 Jurong West Street 52, Singapore 640521",1.346549,103.717364,Red,"521 Jurong West Street 52, 640521",640521,RUNNING,,,,,,
3158,SGRVM0451,"808 Woodlands Street 81, Singapore 730808",1.442329,103.787059,Red,"808 Woodlands Street 81, 730808",730808,RUNNING,,,,,,
3159,SGRVM0488,"818 Woodlands Street 82, Singapore 730818",1.441675,103.790170,Red,"818 Woodlands Street 82, 730818",730818,RUNNING,,,,,,
3160,SGRVM0468,"378C Canberra Drive, Singapore 763378",1.442039,103.828665,Red,"378C Canberra Drive, 763378",763378,RUNNING,,,,,,
3161,SGRVM0419,"313 Sembawang Drive, Singapore 750313",1.444731,103.821702,Red,"313 Sembawang Drive, 750313",750313,RUNNING,,,,,,
3162,SGRVM0491,"326 Sembawang Crescent, Singapore 750326",1.444774,103.819191,Red,"326 Sembawang Crescent, 750326",750326,RUNNING,,,,,,
3163,SGRVM0504,"546 Woodlands Drive 16, Singapore 730546",1.429726,103.793979,Red,"546 Woodlands Drive 16, 730546",730546,RUNNING,,,,,,
3164,SGRVM0546,"580 Woodlands Drive 16, Singapore 730580",1.430617,103.796285,Red,"580 Woodlands Drive 16, 730580",730580,RUNNING,,,,,,
3165,SGRVM0544,"666 Woodlands Ring Road, 730666",1.438500,103.797358,Red,"666 Woodlands Ring Road, 730666",730666,RUNNING,,,,,,
3166,SGRVM0392,"411 Sembawang Drive, Singapore 750411",1.452261,103.817979,Red,"411 Sembawang Drive, 750411",750411,RUNNING,,,,,,
3167,SGRVM0490,"562C Champions Way, Singapore 733562",1.427678,103.791822,Red,"562C Champions Way, 733562",733562,RUNNING,,,,,,
3168,SGRVM0482,"286D Toh Guan Rd, Singapore 604286",1.339620,103.744626,Red,"286D Toh Guan Rd, 604286",604286,RUNNING,,,,,,
3169,SGRVM0487,"129A Canberra Street, Singapore 751129",1.445241,103.832570,Red,"129A Canberra Street, 751129",751129,RUNNING,,,,,,
3170,B5D61040,Block 231 Compassvale Walk,1.389905,103.901390,Blue,"Block 231 Compassvale Walk, 540231",540231,RUNNING,,,,,,
3171,B5D61059,Block 116B Rivervale Drive,1.382293,103.902279,Blue,"116B Rivervale Drive, 542116",542116,RUNNING,,,,,,
3172,B5D61071,Block 117B Rivervale Drive,1.383789,103.902565,Blue,"Block 117B Rivervale Drive, 542117",542117,RUNNING,,,,,,
3173,B5D61089,Block 201B Compassvale Drive,1.388731,103.893548,Blue,"201B Compassvale Dr, 542201",542201,RUNNING,,,,,,
3174,B5D61064,Block 308C Anchorvale Road,1.389278,103.886697,Blue,"308C Anchorvale Road, 543308",543308,RUNNING,,,,,,
3175,B5D61069,Block 313C Anchorvale Road,1.391922,103.888009,Blue,"313C Anchorvale Road, 543313",543313,ERROR,,,,,,
